date,region,cases,recovered,deceased,population,active,active_per_10k,deceased_per_million,suceptible,removed
2020-07-20,La Paz,10190,821,169,2926996,9200,31.43154278311279,57.738377503761534,2916806,990
2020-07-19,La Paz,9655,797,162,2926996,8696,29.709640874124872,55.34684707461165,2917341,959
2020-07-18,La Paz,8922,742,157,2926996,8023,27.410355190099338,53.6386110537903,2918074,899
2020-07-17,La Paz,8209,704,155,2926996,7350,25.111069506073804,52.955316645461764,2918787,859
2020-07-16,La Paz,7976,636,145,2926996,7195,24.581516339619185,49.53884460381907,2919020,781
2020-07-15,La Paz,7662,625,139,2926996,6898,23.566824143251306,47.48896137883345,2919334,764
2020-07-14,La Paz,7402,594,134,2926996,6674,22.80153440592334,45.780725358012106,2919594,728
2020-07-13,La Paz,7124,561,133,2926996,6430,21.967915227762525,45.43907815384784,2919872,694
2020-07-12,La Paz,6703,533,131,2926996,6039,20.63207465948023,44.755783745519295,2920293,664
2020-07-11,La Paz,6366,496,127,2926996,5743,19.620798935153996,43.38919492886222,2920630,623
2020-07-10,La Paz,5704,464,116,2926996,5124,17.506002741377166,39.63107568305526,2921292,580
2020-07-09,La Paz,5376,433,114,2926996,4829,16.49814348909257,38.947781274726715,2921620,547
2020-07-08,La Paz,5151,430,110,2926996,4611,15.753352584014465,37.58119245806964,2921845,540
2020-07-07,La Paz,4876,425,109,2926996,4342,14.83432160481258,37.23954525390537,2922120,534
2020-07-06,La Paz,4685,418,107,2926996,4160,14.212523693233608,36.556250845576834,2922311,525
2020-07-05,La Paz,4205,411,107,2926996,3687,12.596532417536615,36.556250845576834,2922791,518
2020-07-04,La Paz,3872,400,100,2926996,3372,11.520343724419165,34.164720416426945,2923124,500
2020-07-03,La Paz,3634,396,93,2926996,3145,10.744804570966274,31.773189987277057,2923362,489
2020-07-02,La Paz,3397,394,93,2926996,2910,9.94193364118024,31.773189987277057,2923599,487
2020-07-01,La Paz,3241,394,84,2926996,2763,9.439712251058765,28.698365149798633,2923755,478
2020-06-30,La Paz,3029,391,82,2926996,2556,8.732502538438727,28.015070741470094,2923967,473
2020-06-29,La Paz,2967,388,82,2926996,2497,8.530930687981808,28.015070741470094,2924029,470
2020-06-28,La Paz,2882,382,76,2926996,2424,8.281528228941891,25.965187516484477,2924114,458
2020-06-27,La Paz,2774,376,74,2926996,2324,7.9398810247776215,25.281893108155938,2924222,450
2020-06-26,La Paz,2580,368,69,2926996,2143,7.321499585240294,23.573657087334592,2924416,437
2020-06-25,La Paz,2373,365,68,2926996,1940,6.627955760786827,23.23200988317032,2924623,433
2020-06-24,La Paz,2161,360,65,2926996,1736,5.930995464291717,22.207068270677514,2924835,425
2020-06-23,La Paz,1966,351,64,2926996,1551,5.2989481365878195,21.865421066513246,2925030,415
2020-06-22,La Paz,1918,351,63,2926996,1504,5.138373950630612,21.523773862348975,2925078,414
2020-06-21,La Paz,1780,345,63,2926996,1372,4.687399641133776,21.523773862348975,2925216,408
2020-06-20,La Paz,1545,332,55,2926996,1158,3.95627462422224,18.79059622903482,2925451,387
2020-06-19,La Paz,1469,332,54,2926996,1083,3.700039221099038,18.44894902487055,2925527,386
2020-06-18,La Paz,1386,330,53,2926996,1003,3.4267214577676226,18.10730182070628,2925610,383
2020-06-17,La Paz,1298,324,51,2926996,923,3.153403694436207,17.42400741237774,2925698,375
2020-06-16,La Paz,1254,322,50,2926996,882,3.0133283407288567,17.082360208213473,2925742,372
2020-06-15,La Paz,1213,322,50,2926996,841,2.873252987021506,17.082360208213473,2925783,372
2020-06-14,La Paz,1149,314,49,2926996,786,2.6853470247311577,16.7407130040492,2925847,363
2020-06-13,La Paz,1064,304,45,2926996,715,2.4427775097745266,15.374124187392125,2925932,349
2020-06-12,La Paz,983,291,43,2926996,649,2.2172903550261087,14.690829779063586,2926013,334
2020-06-11,La Paz,932,289,42,2926996,601,2.0532996970272595,14.349182574899316,2926064,331
2020-06-10,La Paz,842,285,40,2926996,517,1.766316045529273,13.665888166570777,2926154,325
2020-06-09,La Paz,804,276,38,2926996,490,1.6740713004049204,12.982593758242238,2926192,314
2020-06-08,La Paz,754,272,38,2926996,444,1.5169135864893564,12.982593758242238,2926242,310
2020-06-07,La Paz,754,272,38,2926996,444,1.5169135864893564,12.982593758242238,2926242,310
2020-06-06,La Paz,737,269,38,2926996,430,1.4690829779063586,12.982593758242238,2926259,307
2020-06-05,La Paz,692,263,38,2926996,391,1.3358405682822936,12.982593758242238,2926304,301
2020-06-04,La Paz,661,254,36,2926996,371,1.2675111274494397,12.2992993499137,2926335,290
2020-06-03,La Paz,635,251,35,2926996,349,1.1923487425333004,11.95765214574943,2926361,286
2020-06-02,La Paz,614,249,32,2926996,333,1.1376851898670173,10.932710533256623,2926382,281
2020-06-01,La Paz,555,248,31,2926996,276,0.9429462834933836,10.591063329092353,2926441,279
2020-05-31,La Paz,507,244,28,2926996,235,0.8028709297860331,9.566121716599545,2926489,272
2020-05-30,La Paz,478,242,28,2926996,208,0.7106261846616805,9.566121716599545,2926518,270
2020-05-29,La Paz,444,237,27,2926996,180,0.614964967495685,9.224474512435275,2926552,264
2020-05-28,La Paz,423,234,26,2926996,163,0.5568849427877592,8.882827308271006,2926573,260
2020-05-27,La Paz,415,228,24,2926996,163,0.5568849427877592,8.199532899942467,2926581,252
2020-05-26,La Paz,410,219,24,2926996,167,0.57055083095433,8.199532899942467,2926586,243
2020-05-25,La Paz,403,210,24,2926996,169,0.5773837750376154,8.199532899942467,2926593,234
2020-05-24,La Paz,394,209,24,2926996,161,0.5500519987044739,8.199532899942467,2926602,233
2020-05-23,La Paz,386,201,24,2926996,161,0.5500519987044739,8.199532899942467,2926610,225
2020-05-22,La Paz,381,184,23,2926996,174,0.5944661352458288,7.857885695778197,2926615,207
2020-05-21,La Paz,375,181,22,2926996,172,0.5876331911625434,7.516238491613928,2926621,203
2020-05-20,La Paz,363,180,21,2926996,162,0.5534684707461165,7.174591287449658,2926633,201
2020-05-19,La Paz,355,174,21,2926996,160,0.5466355266628311,7.174591287449658,2926641,195
2020-05-18,La Paz,342,171,20,2926996,151,0.5158872782880468,6.832944083285389,2926654,191
2020-05-17,La Paz,335,166,19,2926996,150,0.5124708062464042,6.491296879121119,2926661,185
2020-05-16,La Paz,333,157,19,2926996,157,0.536386110537903,6.491296879121119,2926663,176
2020-05-15,La Paz,328,123,19,2926996,186,0.6354637997455411,6.491296879121119,2926668,142
2020-05-14,La Paz,322,101,19,2926996,202,0.6901273524118243,6.491296879121119,2926674,120
2020-05-13,La Paz,319,93,19,2926996,207,0.7072097126200377,6.491296879121119,2926677,112
2020-05-12,La Paz,316,76,17,2926996,223,0.7618732652863208,5.80800247079258,2926680,93
2020-05-11,La Paz,313,68,17,2926996,228,0.7789556254945343,5.80800247079258,2926683,85
2020-05-10,La Paz,309,67,16,2926996,226,0.772122681411249,5.4663552666283115,2926687,83
2020-05-09,La Paz,301,63,16,2926996,222,0.7584567932446782,5.4663552666283115,2926695,79
2020-05-08,La Paz,294,55,16,2926996,223,0.7618732652863208,5.4663552666283115,2926702,71
2020-05-07,La Paz,271,49,16,2926996,206,0.7037932405783951,5.4663552666283115,2926725,65
2020-05-06,La Paz,260,49,16,2926996,195,0.6662120481203254,5.4663552666283115,2926736,65
2020-05-05,La Paz,253,46,16,2926996,191,0.6525461599537546,5.4663552666283115,2926743,62
2020-05-04,La Paz,243,45,15,2926996,183,0.6252143836206131,5.124708062464042,2926753,60
2020-05-03,La Paz,241,38,15,2926996,188,0.6422967438288265,5.124708062464042,2926755,53
2020-05-02,La Paz,236,34,15,2926996,187,0.6388802717871839,5.124708062464042,2926760,49
2020-05-01,La Paz,221,27,15,2926996,179,0.6115484954540423,5.124708062464042,2926775,42
2020-04-30,La Paz,218,27,15,2926996,176,0.6012990793291142,5.124708062464042,2926778,42
2020-04-29,La Paz,202,26,15,2926996,161,0.5500519987044739,5.124708062464042,2926794,41
2020-04-28,La Paz,188,26,15,2926996,147,0.502221390121476,5.124708062464042,2926808,41
2020-04-27,La Paz,185,19,15,2926996,151,0.5158872782880468,5.124708062464042,2926811,34
2020-04-26,La Paz,168,16,15,2926996,137,0.4680566697050491,5.124708062464042,2926828,31
2020-04-25,La Paz,159,13,15,2926996,131,0.44755783745519295,5.124708062464042,2926837,28
2020-04-24,La Paz,155,13,14,2926996,128,0.4373084213302649,4.7830608582997725,2926841,27
2020-04-23,La Paz,150,9,13,2926996,128,0.4373084213302649,4.441413654135503,2926846,22
2020-04-22,La Paz,140,9,13,2926996,118,0.40314370091383794,4.441413654135503,2926856,22
2020-04-21,La Paz,137,6,12,2926996,119,0.40656017295548064,4.099766449971233,2926859,18
2020-04-20,La Paz,134,6,12,2926996,116,0.39631075683055256,4.099766449971233,2926862,18
2020-04-19,La Paz,133,6,12,2926996,115,0.39289428478890986,4.099766449971233,2926863,18
2020-04-18,La Paz,126,6,12,2926996,108,0.368978980497411,4.099766449971233,2926870,18
2020-04-17,La Paz,120,6,12,2926996,102,0.34848014824755486,4.099766449971233,2926876,18
2020-04-16,La Paz,120,1,12,2926996,107,0.3655625084557683,4.099766449971233,2926876,13
2020-04-15,La Paz,101,1,11,2926996,89,0.3040660117061998,3.758119245806964,2926895,12
2020-04-14,La Paz,91,1,11,2926996,79,0.26990129128977286,3.758119245806964,2926905,12
2020-04-13,La Paz,80,0,11,2926996,69,0.2357365708733459,3.758119245806964,2926916,11
2020-04-12,La Paz,73,0,10,2926996,63,0.21523773862348974,3.4164720416426944,2926923,10
2020-04-11,La Paz,65,0,8,2926996,57,0.19473890637363359,2.7331776333141558,2926931,8
2020-04-10,La Paz,59,0,7,2926996,52,0.17765654616542012,2.3915304291498862,2926937,7
2020-04-09,La Paz,57,0,7,2926996,50,0.17082360208213473,2.3915304291498862,2926939,7
2020-04-08,La Paz,57,0,7,2926996,50,0.17082360208213473,2.3915304291498862,2926939,7
2020-04-07,La Paz,39,0,7,2926996,32,0.10932710533256622,2.3915304291498862,2926957,7
2020-04-06,La Paz,37,0,7,2926996,30,0.10249416124928083,2.3915304291498862,2926959,7
2020-04-05,La Paz,32,0,5,2926996,27,0.09224474512435275,1.7082360208213472,2926964,5
2020-04-04,La Paz,23,0,5,2926996,18,0.0614964967495685,1.7082360208213472,2926973,5
2020-04-03,La Paz,20,0,5,2926996,15,0.051247080624640416,1.7082360208213472,2926976,5
2020-04-02,La Paz,19,0,4,2926996,15,0.051247080624640416,1.3665888166570779,2926977,4
2020-04-01,La Paz,16,0,3,2926996,13,0.04441413654135503,1.0249416124928084,2926980,3
2020-03-31,La Paz,16,0,3,2926996,13,0.04441413654135503,1.0249416124928084,2926980,3
2020-03-30,La Paz,14,0,3,2926996,11,0.03758119245806964,1.0249416124928084,2926982,3
2020-03-29,La Paz,13,0,2,2926996,11,0.03758119245806964,0.6832944083285389,2926983,2
2020-03-28,La Paz,10,0,0,2926996,10,0.034164720416426944,0.0,2926986,0
2020-03-27,La Paz,8,0,0,2926996,8,0.027331776333141555,0.0,2926988,0
2020-03-26,La Paz,8,0,0,2926996,8,0.027331776333141555,0.0,2926988,0
2020-03-25,La Paz,4,0,0,2926996,4,0.013665888166570777,0.0,2926992,0
2020-03-24,La Paz,3,0,0,2926996,3,0.010249416124928083,0.0,2926993,0
2020-03-23,La Paz,1,0,0,2926996,1,0.0034164720416426943,0.0,2926995,0
2020-03-22,La Paz,1,0,0,2926996,1,0.0034164720416426943,0.0,2926995,0
2020-03-21,La Paz,1,0,0,2926996,1,0.0034164720416426943,0.0,2926995,0
2020-07-20,Cochabamba,6526,1320,498,2028639,4708,23.207677659751194,245.48478068300963,2022113,1818
2020-07-19,Cochabamba,6406,1226,483,2028639,4697,23.153454113817194,238.090660782919,2022233,1709
2020-07-18,Cochabamba,6277,1060,468,2028639,4749,23.409783603687004,230.69654088282834,2022362,1528
2020-07-17,Cochabamba,6045,986,453,2028639,4606,22.704877506545028,223.3024209827377,2022594,1439
2020-07-16,Cochabamba,5926,774,437,2028639,4715,23.242183552618283,215.41535975597432,2022713,1211
2020-07-15,Cochabamba,5744,699,422,2028639,4623,22.78867753207939,208.02123985588366,2022895,1121
2020-07-14,Cochabamba,5468,615,412,2028639,4441,21.89152431753506,203.09182658915657,2023171,1027
2020-07-13,Cochabamba,5315,571,398,2028639,4346,21.423230057195983,196.19064801573862,2023324,969
2020-07-12,Cochabamba,5188,504,385,2028639,4299,21.19154763365981,189.7824107689934,2023451,889
2020-07-11,Cochabamba,5014,446,365,2028639,4203,20.718323960054008,179.9235842355392,2023625,811
2020-07-10,Cochabamba,4915,410,346,2028639,4159,20.501429776318012,170.5576990287577,2023724,756
2020-07-09,Cochabamba,4769,379,327,2028639,4063,20.02820610271221,161.1918138219762,2023870,706
2020-07-08,Cochabamba,4635,350,312,2028639,3973,19.584558908706775,153.79769392188555,2024004,662
2020-07-07,Cochabamba,4492,329,304,2028639,3859,19.022605796299885,149.85416330850387,2024147,633
2020-07-06,Cochabamba,4429,301,292,2028639,3836,18.90922929116516,143.93886738843136,2024210,593
2020-07-05,Cochabamba,4199,277,282,2028639,3640,17.94306429088665,139.00945412170427,2024440,559
2020-07-04,Cochabamba,4146,241,262,2028639,3643,17.95785253068683,129.15062758825005,2024493,503
2020-07-03,Cochabamba,4089,211,247,2028639,3631,17.898699571486105,121.7565076881594,2024550,458
2020-07-02,Cochabamba,3836,185,233,2028639,3418,16.84873454567323,114.85532911474147,2024803,418
2020-07-01,Cochabamba,3744,168,221,2028639,3355,16.538181509869425,108.94003319466894,2024895,389
2020-06-30,Cochabamba,3640,153,202,2028639,3285,16.193122581198526,99.57414798788744,2024999,355
2020-06-29,Cochabamba,3501,153,184,2028639,3164,15.596663575924548,90.70120410777866,2025138,337
2020-06-28,Cochabamba,3468,138,165,2028639,3165,15.601592989191275,81.33531890099717,2025171,303
2020-06-27,Cochabamba,3416,138,150,2028639,3128,15.419204698322373,73.94119900090652,2025223,288
2020-06-26,Cochabamba,3233,123,140,2028639,2970,14.640357402179491,69.01178573417941,2025406,263
2020-06-25,Cochabamba,2970,117,136,2028639,2717,13.393215845697535,67.04002042748857,2025669,253
2020-06-24,Cochabamba,2920,100,130,2028639,2690,13.260121687495902,64.08237246745232,2025719,230
2020-06-23,Cochabamba,2775,95,125,2028639,2555,12.594650896487744,61.61766583408877,2025864,220
2020-06-22,Cochabamba,2612,94,114,2028639,2404,11.85030949321195,56.19531124068895,2026027,208
2020-06-21,Cochabamba,2551,94,107,2028639,2350,11.584121176808688,52.74472195397998,2026088,201
2020-06-20,Cochabamba,2360,94,101,2028639,2165,10.672179722464174,49.78707399394372,2026279,195
2020-06-19,Cochabamba,2302,94,98,2028639,2110,10.401061992794183,48.308250013925594,2026337,192
2020-06-18,Cochabamba,2179,86,97,2028639,1996,9.839108880387293,47.81530868725288,2026460,183
2020-06-17,Cochabamba,2041,81,94,2028639,1866,9.198285155712771,46.33648470723475,2026598,175
2020-06-16,Cochabamba,1915,78,88,2028639,1749,8.6215438035057,43.37883674719849,2026724,166
2020-06-15,Cochabamba,1878,78,83,2028639,1717,8.463802578970434,40.91413011383494,2026761,161
2020-06-14,Cochabamba,1723,76,78,2028639,1569,7.734249415494822,38.44942348047139,2026916,154
2020-06-13,Cochabamba,1537,76,75,2028639,1386,6.832166787683763,36.97059950045326,2027102,151
2020-06-12,Cochabamba,1441,76,66,2028639,1299,6.403307833478505,32.534127560398865,2027198,142
2020-06-11,Cochabamba,1369,76,60,2028639,1233,6.0779665578745155,29.576479600362607,2027270,136
2020-06-10,Cochabamba,1297,71,57,2028639,1169,5.7624841088039815,28.097655620344476,2027342,128
2020-06-09,Cochabamba,1231,71,57,2028639,1103,5.437142833199993,28.097655620344476,2027408,128
2020-06-08,Cochabamba,1097,71,52,2028639,974,4.801248521792196,25.632948986980928,2027542,123
2020-06-07,Cochabamba,1097,71,52,2028639,974,4.801248521792196,25.632948986980928,2027542,123
2020-06-06,Cochabamba,1022,71,52,2028639,899,4.4315425267876645,25.632948986980928,2027617,123
2020-06-05,Cochabamba,960,71,51,2028639,838,4.1308483175173105,25.140007660308218,2027679,122
2020-06-04,Cochabamba,898,71,49,2028639,778,3.8350835215136847,24.154125006962797,2027741,120
2020-06-03,Cochabamba,851,64,45,2028639,742,3.657624643911509,22.182359700271956,2027788,109
2020-06-02,Cochabamba,786,64,39,2028639,683,3.36678926117461,19.224711740235694,2027853,103
2020-06-01,Cochabamba,714,60,34,2028639,620,3.0562362253708026,16.760005106872143,2027925,94
2020-05-31,Cochabamba,611,60,23,2028639,528,2.6027302048319094,11.337650513472333,2028028,83
2020-05-30,Cochabamba,556,60,23,2028639,473,2.331612475161919,11.337650513472333,2028083,83
2020-05-29,Cochabamba,488,60,21,2028639,407,2.00627119955793,10.351767860126913,2028151,81
2020-05-28,Cochabamba,419,60,19,2028639,340,1.6760005106872145,9.365885206781492,2028220,79
2020-05-27,Cochabamba,376,60,18,2028639,298,1.4689651534846762,8.872943880108782,2028263,78
2020-05-26,Cochabamba,345,60,18,2028639,267,1.316153342216136,8.872943880108782,2028294,78
2020-05-25,Cochabamba,339,55,18,2028639,266,1.311223928949409,8.872943880108782,2028300,73
2020-05-24,Cochabamba,329,55,13,2028639,261,1.2865768626157734,6.408237246745232,2028310,68
2020-05-23,Cochabamba,295,55,13,2028639,227,1.118976811547052,6.408237246745232,2028344,68
2020-05-22,Cochabamba,285,55,11,2028639,219,1.0795415054132351,5.422354593399811,2028354,66
2020-05-21,Cochabamba,266,55,11,2028639,200,0.9858826533454202,5.422354593399811,2028373,66
2020-05-20,Cochabamba,259,55,11,2028639,193,0.9513767604783305,5.422354593399811,2028380,66
2020-05-19,Cochabamba,246,55,11,2028639,180,0.8872943880108782,5.422354593399811,2028393,66
2020-05-18,Cochabamba,228,50,10,2028639,168,0.8281414288101531,4.929413266727101,2028411,60
2020-05-17,Cochabamba,224,50,9,2028639,165,0.8133531890099717,4.436471940054391,2028415,59
2020-05-16,Cochabamba,214,50,9,2028639,155,0.7640590563427007,4.436471940054391,2028425,59
2020-05-15,Cochabamba,196,50,9,2028639,137,0.6753296175416129,4.436471940054391,2028443,59
2020-05-14,Cochabamba,170,45,8,2028639,117,0.5767413522070709,3.943530613381681,2028469,53
2020-05-13,Cochabamba,148,45,8,2028639,95,0.4682942603390746,3.943530613381681,2028491,53
2020-05-12,Cochabamba,130,45,7,2028639,78,0.3844942348047139,3.4505892867089707,2028509,52
2020-05-11,Cochabamba,109,45,6,2028639,58,0.2859059694701719,2.957647960036261,2028530,51
2020-05-10,Cochabamba,104,40,6,2028639,58,0.2859059694701719,2.957647960036261,2028535,46
2020-05-09,Cochabamba,95,40,6,2028639,49,0.24154125006962796,2.957647960036261,2028544,46
2020-05-08,Cochabamba,90,40,6,2028639,44,0.21689418373599245,2.957647960036261,2028549,46
2020-05-07,Cochabamba,82,33,6,2028639,43,0.21196477046926535,2.957647960036261,2028557,39
2020-05-06,Cochabamba,82,33,6,2028639,43,0.21196477046926535,2.957647960036261,2028557,39
2020-05-05,Cochabamba,82,33,6,2028639,43,0.21196477046926535,2.957647960036261,2028557,39
2020-05-04,Cochabamba,82,25,6,2028639,51,0.25140007660308217,2.957647960036261,2028557,31
2020-05-03,Cochabamba,81,25,6,2028639,50,0.24647066333635506,2.957647960036261,2028558,31
2020-05-02,Cochabamba,81,25,6,2028639,50,0.24647066333635506,2.957647960036261,2028558,31
2020-05-01,Cochabamba,80,25,6,2028639,49,0.24154125006962796,2.957647960036261,2028559,31
2020-04-30,Cochabamba,80,22,6,2028639,52,0.25632948986980925,2.957647960036261,2028559,28
2020-04-29,Cochabamba,80,22,6,2028639,52,0.25632948986980925,2.957647960036261,2028559,28
2020-04-28,Cochabamba,79,22,6,2028639,51,0.25140007660308217,2.957647960036261,2028560,28
2020-04-27,Cochabamba,78,22,6,2028639,50,0.24647066333635506,2.957647960036261,2028561,28
2020-04-26,Cochabamba,78,13,6,2028639,59,0.29083538273689896,2.957647960036261,2028561,19
2020-04-25,Cochabamba,71,13,6,2028639,52,0.25632948986980925,2.957647960036261,2028568,19
2020-04-24,Cochabamba,70,13,6,2028639,51,0.25140007660308217,2.957647960036261,2028569,19
2020-04-23,Cochabamba,66,13,6,2028639,47,0.23168242353617377,2.957647960036261,2028573,19
2020-04-22,Cochabamba,63,13,6,2028639,44,0.21689418373599245,2.957647960036261,2028576,19
2020-04-21,Cochabamba,62,13,6,2028639,43,0.21196477046926535,2.957647960036261,2028577,19
2020-04-20,Cochabamba,61,13,6,2028639,42,0.20703535720253827,2.957647960036261,2028578,19
2020-04-19,Cochabamba,61,7,5,2028639,49,0.24154125006962796,2.4647066333635506,2028578,12
2020-04-18,Cochabamba,60,7,4,2028639,49,0.24154125006962796,1.9717653066908405,2028579,11
2020-04-17,Cochabamba,60,7,4,2028639,49,0.24154125006962796,1.9717653066908405,2028579,11
2020-04-16,Cochabamba,59,7,4,2028639,48,0.23661183680290085,1.9717653066908405,2028580,11
2020-04-15,Cochabamba,59,0,4,2028639,55,0.2711177296699906,1.9717653066908405,2028580,4
2020-04-14,Cochabamba,57,0,4,2028639,53,0.2612589031365364,1.9717653066908405,2028582,4
2020-04-13,Cochabamba,54,0,4,2028639,50,0.24647066333635506,1.9717653066908405,2028585,4
2020-04-12,Cochabamba,52,0,4,2028639,48,0.23661183680290085,1.9717653066908405,2028587,4
2020-04-11,Cochabamba,49,0,4,2028639,45,0.22182359700271956,1.9717653066908405,2028590,4
2020-04-10,Cochabamba,48,0,2,2028639,46,0.22675301026944666,0.9858826533454202,2028591,2
2020-04-09,Cochabamba,48,0,2,2028639,46,0.22675301026944666,0.9858826533454202,2028591,2
2020-04-08,Cochabamba,47,0,2,2028639,45,0.22182359700271956,0.9858826533454202,2028592,2
2020-04-07,Cochabamba,38,0,2,2028639,36,0.17745887760217566,0.9858826533454202,2028601,2
2020-04-06,Cochabamba,33,0,2,2028639,31,0.15281181126854013,0.9858826533454202,2028606,2
2020-04-05,Cochabamba,33,0,1,2028639,32,0.15774122453526723,0.4929413266727101,2028606,1
2020-04-04,Cochabamba,25,0,0,2028639,25,0.12323533166817753,0.0,2028614,0
2020-04-03,Cochabamba,24,0,0,2028639,24,0.11830591840145042,0.0,2028615,0
2020-04-02,Cochabamba,22,0,0,2028639,22,0.10844709186799623,0.0,2028617,0
2020-04-01,Cochabamba,21,0,0,2028639,21,0.10351767860126913,0.0,2028618,0
2020-03-31,Cochabamba,20,0,0,2028639,20,0.09858826533454203,0.0,2028619,0
2020-03-30,Cochabamba,20,0,0,2028639,20,0.09858826533454203,0.0,2028619,0
2020-03-29,Cochabamba,18,0,0,2028639,18,0.08872943880108783,0.0,2028621,0
2020-03-28,Cochabamba,14,0,0,2028639,14,0.06901178573417942,0.0,2028625,0
2020-03-27,Cochabamba,14,0,0,2028639,14,0.06901178573417942,0.0,2028625,0
2020-03-26,Cochabamba,10,0,0,2028639,10,0.049294132667271014,0.0,2028629,0
2020-03-25,Cochabamba,3,0,0,2028639,3,0.014788239800181303,0.0,2028636,0
2020-03-24,Cochabamba,3,0,0,2028639,3,0.014788239800181303,0.0,2028636,0
2020-03-23,Cochabamba,3,0,0,2028639,3,0.014788239800181303,0.0,2028636,0
2020-03-22,Cochabamba,3,0,0,2028639,3,0.014788239800181303,0.0,2028636,0
2020-03-21,Cochabamba,2,0,0,2028639,2,0.009858826533454202,0.0,2028637,0
2020-07-20,Santa Cruz,30309,15695,833,3370059,13781,40.89245915279228,247.1766814764964,3339750,16528
2020-07-19,Santa Cruz,29754,15547,814,3370059,13393,39.74114399777571,241.53879798543585,3340305,16361
2020-07-18,Santa Cruz,29484,15471,797,3370059,13216,39.21593064097691,236.49437591448697,3340575,16268
2020-07-17,Santa Cruz,28989,15352,778,3370059,12859,38.15660200607764,230.8564924234264,3341070,16130
2020-07-16,Santa Cruz,27744,14820,761,3370059,12163,36.09135626408914,225.81207035247752,3342315,15581
2020-07-15,Santa Cruz,26671,14324,756,3370059,11591,34.39405660256987,224.3284168021984,3343388,15080
2020-07-14,Santa Cruz,26124,13923,740,3370059,11461,34.0083066794973,219.58072544130533,3343935,14663
2020-07-13,Santa Cruz,25260,13515,733,3370059,11012,32.67598579134668,217.5036104709146,3344799,14248
2020-07-12,Santa Cruz,24900,13177,709,3370059,11014,32.68192040554779,210.38207342957497,3345159,13886
2020-07-11,Santa Cruz,24625,12801,700,3370059,11124,33.008324186609194,207.7114970390726,3345434,13501
2020-07-10,Santa Cruz,24025,12474,687,3370059,10864,32.23682434046407,203.85399780834697,3346034,13161
2020-07-09,Santa Cruz,23411,11987,661,3370059,10763,31.937126323307695,196.1389993468957,3346648,12648
2020-07-08,Santa Cruz,22926,11554,638,3370059,10734,31.851074417391505,189.3141930156119,3347133,12192
2020-07-07,Santa Cruz,22398,11137,614,3370059,10647,31.592918699642944,182.19265597427227,3347661,11751
2020-07-06,Santa Cruz,21953,10725,591,3370059,10637,31.56324562863736,175.36784964298846,3348106,11316
2020-07-05,Santa Cruz,21752,10498,573,3370059,10681,31.69380714106192,170.0266968619837,3348307,11071
2020-07-04,Santa Cruz,21190,10154,551,3370059,10485,31.11221494935252,163.49862124075574,3348869,10705
2020-07-03,Santa Cruz,20558,9688,527,3370059,10343,30.690857341073258,156.3770841994161,3349501,10215
2020-07-02,Santa Cruz,19991,9314,506,3370059,10171,30.18048051977725,150.1457392882439,3350068,9820
2020-07-01,Santa Cruz,19257,8832,477,3370059,9948,29.518771036352778,141.5405486966252,3350802,9309
2020-06-30,Santa Cruz,18881,8431,455,3370059,9995,29.65823447007901,135.0124730753972,3351178,8886
2020-06-29,Santa Cruz,18211,8059,431,3370059,9721,28.84519232452607,127.89093603405756,3351848,8490
2020-06-28,Santa Cruz,17873,7669,412,3370059,9792,29.0558711286657,122.25305254299703,3352186,8081
2020-06-27,Santa Cruz,17455,7332,396,3370059,9727,28.862996167129417,117.50536118210394,3352604,7728
2020-06-26,Santa Cruz,16777,6945,381,3370059,9451,28.04401940737536,113.05440053126667,3353282,7326
2020-06-25,Santa Cruz,16555,6558,373,3370059,9624,28.557363535771927,110.68055485082012,3353504,6931
2020-06-24,Santa Cruz,15984,6046,365,3370059,9573,28.40603087364346,108.30670917037358,3354075,6411
2020-06-23,Santa Cruz,15442,5589,351,3370059,9502,28.195352069503826,104.15247922959212,3354617,5940
2020-06-22,Santa Cruz,15067,5157,348,3370059,9562,28.37339049553732,103.26228709942467,3354992,5505
2020-06-21,Santa Cruz,14499,4778,327,3370059,9394,27.874882902643545,97.0309421882525,3355560,5105
2020-06-20,Santa Cruz,14165,4427,322,3370059,9416,27.940163658855823,95.5472886379734,3355894,4749
2020-06-19,Santa Cruz,13539,4019,313,3370059,9207,27.319996474839165,92.87671224747103,3356520,4332
2020-06-18,Santa Cruz,12988,3680,307,3370059,9001,26.708731212124178,91.09632798713614,3357071,3987
2020-06-17,Santa Cruz,12725,3379,303,3370059,9043,26.83335811034762,89.90940514691286,3357334,3682
2020-06-16,Santa Cruz,12366,3142,298,3370059,8926,26.486183179582316,88.42575159663377,3357693,3440
2020-06-15,Santa Cruz,11741,2824,287,3370059,8630,25.607860277817096,85.16171378601977,3358318,3111
2020-06-14,Santa Cruz,11424,2520,283,3370059,8621,25.58115451391207,83.9747909457965,3358635,2803
2020-06-13,Santa Cruz,11154,2185,270,3370059,8699,25.81260446775561,80.11729171507086,3358905,2455
2020-06-12,Santa Cruz,10536,1867,265,3370059,8404,24.937248873090947,78.63363816479178,3359523,2132
2020-06-11,Santa Cruz,10127,1819,250,3370059,8058,23.910560616297815,74.1826775139545,3359932,2069
2020-06-10,Santa Cruz,9594,1722,243,3370059,7629,22.637585870158357,72.10556254356378,3360465,1965
2020-06-09,Santa Cruz,9224,1673,231,3370059,7320,21.720687976085877,68.54479402289397,3360835,1904
2020-06-08,Santa Cruz,8676,1580,221,3370059,6875,20.400236316337487,65.57748692233578,3361383,1801
2020-06-07,Santa Cruz,8676,1580,221,3370059,6875,20.400236316337487,65.57748692233578,3361383,1801
2020-06-06,Santa Cruz,8556,1406,214,3370059,6936,20.581242049471538,63.500371951945056,3361503,1620
2020-06-05,Santa Cruz,8144,1253,194,3370059,6697,19.87205565243813,57.565757750828695,3361915,1447
2020-06-04,Santa Cruz,7952,1185,192,3370059,6575,19.510044186170035,56.97229633071706,3362107,1377
2020-06-03,Santa Cruz,7637,1048,189,3370059,6400,18.990765443572354,56.0821042005496,3362422,1237
2020-06-02,Santa Cruz,7235,843,184,3370059,6208,18.421042480265182,54.598450650270514,3362824,1027
2020-06-01,Santa Cruz,7018,688,164,3370059,6166,18.29641558204174,48.663836449154154,3363041,852
2020-05-31,Santa Cruz,6711,541,149,3370059,6021,17.866156052460802,44.21287579831689,3363348,690
2020-05-30,Santa Cruz,6542,448,149,3370059,5945,17.64064071281838,44.21287579831689,3363517,597
2020-05-29,Santa Cruz,5946,323,146,3370059,5477,16.251940989757152,43.32268366814943,3364113,469
2020-05-28,Santa Cruz,5774,319,144,3370059,5311,15.759368011064495,42.72922224803779,3364285,463
2020-05-27,Santa Cruz,5366,276,138,3370059,4952,14.694104761964107,40.94883798770289,3364693,414
2020-05-26,Santa Cruz,4888,273,135,3370059,4480,13.293535810500646,40.05864585753543,3365171,408
2020-05-25,Santa Cruz,4527,258,128,3370059,4141,12.287618703411423,37.98153088714471,3365532,386
2020-05-24,Santa Cruz,4199,248,123,3370059,3828,11.358851580936713,36.49787733686561,3365860,371
2020-05-23,Santa Cruz,3900,244,117,3370059,3539,10.5012998288754,34.71749307653071,3366159,361
2020-05-22,Santa Cruz,3665,227,111,3370059,3327,9.872230723557065,32.9371088161958,3366394,338
2020-05-21,Santa Cruz,3414,225,107,3370059,3082,9.145240483920311,31.750185975972528,3366645,332
2020-05-20,Santa Cruz,3241,219,97,3370059,2925,8.679373269132677,28.782878875414347,3366818,316
2020-05-19,Santa Cruz,2982,208,95,3370059,2679,7.949415722395365,28.18941745530271,3367077,303
2020-05-18,Santa Cruz,2894,187,88,3370059,2619,7.771377296361874,26.112302484911986,3367165,275
2020-05-17,Santa Cruz,2763,186,87,3370059,2490,7.388594680389868,25.815571774856167,3367296,273
2020-05-16,Santa Cruz,2518,175,84,3370059,2259,6.703146740160929,24.925379644688714,3367541,259
2020-05-15,Santa Cruz,2297,175,83,3370059,2039,6.050339178038129,24.628648934632896,3367762,258
2020-05-14,Santa Cruz,2163,127,76,3370059,1960,5.815921917094033,22.551533964242168,3367896,203
2020-05-13,Santa Cruz,2041,125,72,3370059,1844,5.471714293429284,21.364611124018897,3368018,197
2020-05-12,Santa Cruz,1925,117,64,3370059,1744,5.174983583373466,18.990765443572354,3368134,181
2020-05-11,Santa Cruz,1823,111,60,3370059,1652,4.901991330122113,17.803842603349082,3368236,171
2020-05-10,Santa Cruz,1633,92,59,3370059,1482,4.397549123027223,17.507111893293263,3368426,151
2020-05-09,Santa Cruz,1537,87,56,3370059,1394,4.136426098178103,16.616919763125807,3368522,143
2020-05-08,Santa Cruz,1387,80,53,3370059,1254,3.721003104099958,15.726727632958355,3368672,133
2020-05-07,Santa Cruz,1318,80,52,3370059,1186,3.519226221262002,15.429996922902538,3368741,132
2020-05-06,Santa Cruz,1160,68,50,3370059,1042,3.0919339987816237,14.8365355027909,3368899,118
2020-05-05,Santa Cruz,1083,68,46,3370059,969,2.8753205804408766,13.649612662567629,3368976,114
2020-05-04,Santa Cruz,979,68,44,3370059,867,2.572655256183942,13.056151242455993,3369080,112
2020-05-03,Santa Cruz,904,67,40,3370059,797,2.3649437591448694,11.86922840223272,3369155,107
2020-05-02,Santa Cruz,806,64,38,3370059,704,2.088984198792959,11.275766982121084,3369253,102
2020-05-01,Santa Cruz,693,50,34,3370059,609,1.8070900242399317,10.088844141897813,3369366,84
2020-04-30,Santa Cruz,656,50,32,3370059,574,1.7032342757203953,9.495382721786177,3369403,82
2020-04-29,Santa Cruz,615,44,29,3370059,542,1.6082804485025337,8.605190591618722,3369444,73
2020-04-28,Santa Cruz,587,44,27,3370059,516,1.531130463888021,8.011729171507087,3369472,71
2020-04-27,Santa Cruz,553,39,25,3370059,489,1.45101317217295,7.41826775139545,3369506,64
2020-04-26,Santa Cruz,525,37,22,3370059,466,1.3827651088601118,6.5280756212279965,3369534,59
2020-04-25,Santa Cruz,489,14,20,3370059,455,1.3501247307539719,5.93461420111636,3369570,34
2020-04-24,Santa Cruz,446,14,19,3370059,413,1.2254978325305284,5.637883491060542,3369613,33
2020-04-23,Santa Cruz,385,14,19,3370059,352,1.0444920993964795,5.637883491060542,3369674,33
2020-04-22,Santa Cruz,371,14,16,3370059,341,1.0118517212903395,4.747691360893088,3369688,30
2020-04-21,Santa Cruz,324,10,14,3370059,300,0.890192130167454,4.154229940781452,3369735,24
2020-04-20,Santa Cruz,317,10,12,3370059,295,0.8753555946646632,3.560768520669816,3369742,22
2020-04-19,Santa Cruz,290,10,12,3370059,268,0.7952383029495923,3.560768520669816,3369769,22
2020-04-18,Santa Cruz,255,10,12,3370059,233,0.6913825544300559,3.560768520669816,3369804,22
2020-04-17,Santa Cruz,237,10,12,3370059,215,0.6379710266200087,3.560768520669816,3369822,22
2020-04-16,Santa Cruz,218,10,12,3370059,196,0.5815921917094033,3.560768520669816,3369841,22
2020-04-15,Santa Cruz,215,5,11,3370059,199,0.5904941130110778,3.2640378106139982,3369844,16
2020-04-14,Santa Cruz,190,5,10,3370059,175,0.5192787425976815,2.96730710055818,3369869,15
2020-04-13,Santa Cruz,177,5,10,3370059,162,0.48070375029042517,2.96730710055818,3369882,15
2020-04-12,Santa Cruz,163,1,10,3370059,152,0.45103067928484336,2.96730710055818,3369896,11
2020-04-11,Santa Cruz,147,1,10,3370059,136,0.4035537656759125,2.96730710055818,3369912,11
2020-04-10,Santa Cruz,134,1,9,3370059,124,0.36794608046921434,2.670576390502362,3369925,10
2020-04-09,Santa Cruz,130,1,9,3370059,120,0.35607685206698164,2.670576390502362,3369929,10
2020-04-08,Santa Cruz,127,1,8,3370059,118,0.35014223786586524,2.373845680446544,3369932,9
2020-04-07,Santa Cruz,103,1,5,3370059,97,0.28782878875414347,1.48365355027909,3369956,6
2020-04-06,Santa Cruz,100,1,5,3370059,94,0.2789268674524689,1.48365355027909,3369959,6
2020-04-05,Santa Cruz,97,1,5,3370059,91,0.27002494615079436,1.48365355027909,3369962,6
2020-04-04,Santa Cruz,88,1,5,3370059,82,0.24331918224577076,1.48365355027909,3369971,6
2020-04-03,Santa Cruz,74,1,5,3370059,68,0.20177688283795625,1.48365355027909,3369985,6
2020-04-02,Santa Cruz,70,0,5,3370059,65,0.1928749615362817,1.48365355027909,3369989,5
2020-04-01,Santa Cruz,68,0,5,3370059,63,0.18694034733516535,1.48365355027909,3369991,5
2020-03-31,Santa Cruz,64,0,4,3370059,60,0.17803842603349082,1.186922840223272,3369995,4
2020-03-30,Santa Cruz,59,0,3,3370059,56,0.1661691976312581,0.890192130167454,3370000,3
2020-03-29,Santa Cruz,52,0,1,3370059,51,0.1513326621284672,0.296730710055818,3370007,1
2020-03-28,Santa Cruz,44,0,0,3370059,44,0.13056151242455993,0.0,3370015,0
2020-03-27,Santa Cruz,42,0,0,3370059,42,0.12462689822344357,0.0,3370017,0
2020-03-26,Santa Cruz,34,0,0,3370059,34,0.10088844141897813,0.0,3370025,0
2020-03-25,Santa Cruz,24,0,0,3370059,24,0.07121537041339632,0.0,3370035,0
2020-03-24,Santa Cruz,18,0,0,3370059,18,0.053411527810047245,0.0,3370041,0
2020-03-23,Santa Cruz,16,0,0,3370059,16,0.04747691360893088,0.0,3370043,0
2020-03-22,Santa Cruz,15,0,0,3370059,15,0.044509606508372705,0.0,3370044,0
2020-03-21,Santa Cruz,9,0,0,3370059,9,0.026705763905023622,0.0,3370050,0
2020-07-20,Oruro,2244,371,153,551116,1720,31.20940056176921,277.6185049971331,548872,524
2020-07-19,Oruro,2211,349,144,551116,1718,31.17311056111599,261.2880047031841,548905,493
2020-07-18,Oruro,2177,342,144,551116,1691,30.68319555229752,261.2880047031841,548939,486
2020-07-17,Oruro,2112,310,142,551116,1660,30.12070054217261,257.6590046378621,549004,452
2020-07-16,Oruro,2016,305,133,551116,1578,28.632810515390588,241.32850434391307,549100,438
2020-07-15,Oruro,1974,289,126,551116,1559,28.288055509185,228.62700411528607,549142,415
2020-07-14,Oruro,1921,278,126,551116,1517,27.52596549546738,228.62700411528607,549195,404
2020-07-13,Oruro,1861,265,124,551116,1472,26.709440480769928,224.99800404996407,549255,389
2020-07-12,Oruro,1786,255,120,551116,1411,25.602595460846718,217.74000391932006,549330,375
2020-07-11,Oruro,1701,231,110,551116,1360,24.67720044418961,199.59500359271007,549415,341
2020-07-10,Oruro,1635,225,110,551116,1300,23.588500424593008,199.59500359271007,549481,335
2020-07-09,Oruro,1546,225,105,551116,1216,22.06432039715777,190.52250342940505,549570,330
2020-07-08,Oruro,1491,222,103,551116,1166,21.157070380827268,186.89350336408307,549625,325
2020-07-07,Oruro,1380,200,95,551116,1085,19.687325354371858,172.37750310279506,549736,295
2020-07-06,Oruro,1283,200,87,551116,996,18.072420325303565,157.86150284150705,549833,287
2020-07-05,Oruro,1233,200,80,551116,953,17.292185311259335,145.16000261288005,549883,280
2020-07-04,Oruro,1189,200,80,551116,909,16.493805296888496,145.16000261288005,549927,280
2020-07-03,Oruro,1145,197,80,551116,868,15.749860283497485,145.16000261288005,549971,277
2020-07-02,Oruro,1093,194,77,551116,822,14.915190268473426,139.71650251489706,550023,271
2020-07-01,Oruro,1012,115,76,551116,821,14.897045268146815,137.90200248223604,550104,191
2020-06-30,Oruro,949,115,58,551116,776,14.080520253449365,105.24100189433804,550167,173
2020-06-29,Oruro,899,113,58,551116,728,13.209560237772084,105.24100189433804,550217,171
2020-06-28,Oruro,878,113,55,551116,710,12.882950231893105,99.79750179635504,550238,168
2020-06-27,Oruro,794,110,55,551116,629,11.413205205437693,99.79750179635504,550322,165
2020-06-26,Oruro,792,107,54,551116,631,11.449495206090914,97.98300176369403,550324,161
2020-06-25,Oruro,721,107,54,551116,560,10.161200182901604,97.98300176369403,550395,161
2020-06-24,Oruro,699,106,46,551116,547,9.925315178655673,83.46700150240602,550417,152
2020-06-23,Oruro,675,100,46,551116,529,9.598705172776693,83.46700150240602,550441,146
2020-06-22,Oruro,599,100,46,551116,453,8.219685147954333,83.46700150240602,550517,146
2020-06-21,Oruro,488,97,38,551116,353,6.405185115293332,68.95100124111802,550628,135
2020-06-20,Oruro,469,96,36,551116,337,6.114865110067572,65.32200117579602,550647,132
2020-06-19,Oruro,459,93,36,551116,330,5.987850107781302,65.32200117579602,550657,129
2020-06-18,Oruro,443,93,34,551116,316,5.733820103208762,61.69300111047402,550673,127
2020-06-17,Oruro,420,93,32,551116,295,5.352775096349951,58.06400104515202,550696,125
2020-06-16,Oruro,400,89,30,551116,281,5.0987450917774115,54.435000979830015,550716,119
2020-06-15,Oruro,389,87,28,551116,274,4.971730089491142,50.80600091450802,550727,115
2020-06-14,Oruro,378,85,26,551116,267,4.844715087204872,47.177000849186015,550738,111
2020-06-13,Oruro,369,85,25,551116,259,4.699555084591991,45.362500816525014,550747,110
2020-06-12,Oruro,358,85,24,551116,249,4.518105081325891,43.54800078386401,550758,109
2020-06-11,Oruro,334,85,24,551116,225,4.082625073487251,43.54800078386401,550782,109
2020-06-10,Oruro,305,82,24,551116,199,3.610855064995391,43.54800078386401,550811,106
2020-06-09,Oruro,288,77,21,551116,190,3.447550062055901,38.104500685881014,550828,98
2020-06-08,Oruro,260,74,21,551116,165,2.993925053890651,38.104500685881014,550856,95
2020-06-07,Oruro,260,74,21,551116,165,2.993925053890651,38.104500685881014,550856,95
2020-06-06,Oruro,256,74,21,551116,161,2.921345052584211,38.104500685881014,550860,95
2020-06-05,Oruro,247,74,19,551116,154,2.794330050297941,34.47550062055901,550869,93
2020-06-04,Oruro,238,74,18,551116,146,2.649170047685061,32.66100058789801,550878,92
2020-06-03,Oruro,222,74,16,551116,132,2.3951400431125207,29.03200052257601,550894,90
2020-06-02,Oruro,218,74,15,551116,129,2.340705042132691,27.217500489915007,550898,89
2020-06-01,Oruro,210,73,14,551116,123,2.231835040173031,25.40300045725401,550906,87
2020-05-31,Oruro,204,73,14,551116,117,2.122965038213371,25.40300045725401,550912,87
2020-05-30,Oruro,190,73,14,551116,103,1.8689350336408306,25.40300045725401,550926,87
2020-05-29,Oruro,166,72,13,551116,81,1.4697450264554104,23.588500424593008,550950,85
2020-05-28,Oruro,159,72,13,551116,74,1.3427300241691404,23.588500424593008,550957,85
2020-05-27,Oruro,155,72,13,551116,70,1.2701500228627005,23.588500424593008,550961,85
2020-05-26,Oruro,153,72,13,551116,68,1.2338600222094804,23.588500424593008,550963,85
2020-05-25,Oruro,151,72,13,551116,66,1.1975700215562604,23.588500424593008,550965,85
2020-05-24,Oruro,150,72,13,551116,65,1.1794250212296504,23.588500424593008,550966,85
2020-05-23,Oruro,145,70,13,551116,62,1.1249900202498204,23.588500424593008,550971,83
2020-05-22,Oruro,143,70,13,551116,60,1.0887000195966003,23.588500424593008,550973,83
2020-05-21,Oruro,141,70,12,551116,59,1.0705550192699904,21.774000391932006,550975,82
2020-05-20,Oruro,138,70,10,551116,58,1.0524100189433803,18.145000326610006,550978,80
2020-05-19,Oruro,138,70,9,551116,59,1.0705550192699904,16.330500293949004,550978,79
2020-05-18,Oruro,137,70,9,551116,58,1.0524100189433803,16.330500293949004,550979,79
2020-05-17,Oruro,135,66,9,551116,60,1.0887000195966003,16.330500293949004,550981,75
2020-05-16,Oruro,133,66,9,551116,58,1.0524100189433803,16.330500293949004,550983,75
2020-05-15,Oruro,132,65,9,551116,58,1.0524100189433803,16.330500293949004,550984,74
2020-05-14,Oruro,132,65,9,551116,58,1.0524100189433803,16.330500293949004,550984,74
2020-05-13,Oruro,128,58,9,551116,61,1.1068450199232103,16.330500293949004,550988,67
2020-05-12,Oruro,128,57,9,551116,62,1.1249900202498204,16.330500293949004,550988,66
2020-05-11,Oruro,124,57,9,551116,58,1.0524100189433803,16.330500293949004,550992,66
2020-05-10,Oruro,124,57,9,551116,58,1.0524100189433803,16.330500293949004,550992,66
2020-05-09,Oruro,121,52,9,551116,60,1.0887000195966003,16.330500293949004,550995,61
2020-05-08,Oruro,116,48,8,551116,60,1.0887000195966003,14.516000261288005,551000,56
2020-05-07,Oruro,115,45,8,551116,62,1.1249900202498204,14.516000261288005,551001,53
2020-05-06,Oruro,113,36,7,551116,70,1.2701500228627005,12.701500228627005,551003,43
2020-05-05,Oruro,113,28,7,551116,78,1.4153100254755804,12.701500228627005,551003,35
2020-05-04,Oruro,111,28,7,551116,76,1.3790200248223605,12.701500228627005,551005,35
2020-05-03,Oruro,111,28,7,551116,76,1.3790200248223605,12.701500228627005,551005,35
2020-05-02,Oruro,111,28,6,551116,77,1.3971650251489705,10.887000195966003,551005,34
2020-05-01,Oruro,107,10,6,551116,91,1.6511950297215106,10.887000195966003,551009,16
2020-04-30,Oruro,102,10,6,551116,86,1.5604700280884605,10.887000195966003,551014,16
2020-04-29,Oruro,102,10,6,551116,86,1.5604700280884605,10.887000195966003,551014,16
2020-04-28,Oruro,92,10,4,551116,78,1.4153100254755804,7.258000130644002,551024,14
2020-04-27,Oruro,92,10,4,551116,78,1.4153100254755804,7.258000130644002,551024,14
2020-04-26,Oruro,79,8,4,551116,67,1.2157150218828703,7.258000130644002,551037,12
2020-04-25,Oruro,65,8,2,551116,55,0.9979750179635504,3.629000065322001,551051,10
2020-04-24,Oruro,65,8,2,551116,55,0.9979750179635504,3.629000065322001,551051,10
2020-04-23,Oruro,62,8,2,551116,52,0.9435400169837203,3.629000065322001,551054,10
2020-04-22,Oruro,59,8,2,551116,49,0.8891050160038902,3.629000065322001,551057,10
2020-04-21,Oruro,49,8,2,551116,39,0.7076550127377902,3.629000065322001,551067,10
2020-04-20,Oruro,49,8,2,551116,39,0.7076550127377902,3.629000065322001,551067,10
2020-04-19,Oruro,45,8,2,551116,35,0.6350750114313503,3.629000065322001,551071,10
2020-04-18,Oruro,45,8,2,551116,35,0.6350750114313503,3.629000065322001,551071,10
2020-04-17,Oruro,42,8,2,551116,32,0.5806400104515201,3.629000065322001,551074,10
2020-04-16,Oruro,38,8,2,551116,28,0.5080600091450802,3.629000065322001,551078,10
2020-04-15,Oruro,37,8,2,551116,27,0.48991500881847017,3.629000065322001,551079,10
2020-04-14,Oruro,30,1,2,551116,27,0.48991500881847017,3.629000065322001,551086,3
2020-04-13,Oruro,14,1,2,551116,11,0.19959500359271007,3.629000065322001,551102,3
2020-04-12,Oruro,13,1,2,551116,10,0.18145000326610006,3.629000065322001,551103,3
2020-04-11,Oruro,11,1,1,551116,9,0.16330500293949005,1.8145000326610006,551105,2
2020-04-10,Oruro,9,0,1,551116,8,0.14516000261288003,1.8145000326610006,551107,1
2020-04-09,Oruro,8,1,0,551116,7,0.12701500228627005,0.0,551108,1
2020-04-08,Oruro,8,1,0,551116,7,0.12701500228627005,0.0,551108,1
2020-04-07,Oruro,8,1,0,551116,7,0.12701500228627005,0.0,551108,1
2020-04-06,Oruro,8,1,0,551116,7,0.12701500228627005,0.0,551108,1
2020-04-05,Oruro,8,1,0,551116,7,0.12701500228627005,0.0,551108,1
2020-04-04,Oruro,8,1,0,551116,7,0.12701500228627005,0.0,551108,1
2020-04-03,Oruro,8,1,0,551116,7,0.12701500228627005,0.0,551108,1
2020-04-02,Oruro,8,1,0,551116,7,0.12701500228627005,0.0,551108,1
2020-04-01,Oruro,8,1,0,551116,7,0.12701500228627005,0.0,551108,1
2020-03-31,Oruro,8,0,0,551116,8,0.14516000261288003,0.0,551108,0
2020-03-30,Oruro,8,0,0,551116,8,0.14516000261288003,0.0,551108,0
2020-03-29,Oruro,8,0,0,551116,8,0.14516000261288003,0.0,551108,0
2020-03-28,Oruro,8,0,0,551116,8,0.14516000261288003,0.0,551108,0
2020-03-27,Oruro,8,0,0,551116,8,0.14516000261288003,0.0,551108,0
2020-03-26,Oruro,8,0,0,551116,8,0.14516000261288003,0.0,551108,0
2020-03-25,Oruro,8,0,0,551116,8,0.14516000261288003,0.0,551108,0
2020-03-24,Oruro,8,0,0,551116,8,0.14516000261288003,0.0,551108,0
2020-03-23,Oruro,8,0,0,551116,8,0.14516000261288003,0.0,551108,0
2020-03-22,Oruro,8,0,0,551116,8,0.14516000261288003,0.0,551108,0
2020-03-21,Oruro,8,0,0,551116,8,0.14516000261288003,0.0,551108,0
2020-07-20,Potosí,1188,103,39,901555,1046,11.602176239940992,43.25859209920637,900367,142
2020-07-19,Potosí,1172,103,37,901555,1032,11.446888986251532,41.04020276078553,900383,140
2020-07-18,Potosí,1097,101,35,901555,961,10.659360771112134,38.82181342236469,900458,136
2020-07-17,Potosí,1086,99,35,901555,952,10.559533250883197,38.82181342236469,900469,134
2020-07-16,Potosí,1060,82,34,901555,944,10.470797677346363,37.712618753154274,900495,116
2020-07-15,Potosí,1000,82,33,901555,885,9.816372822512214,36.60342408394385,900555,115
2020-07-14,Potosí,969,82,33,901555,854,9.472522475056985,36.60342408394385,900586,115
2020-07-13,Potosí,919,82,33,901555,804,8.917925140451775,36.60342408394385,900636,115
2020-07-12,Potosí,895,82,33,901555,780,8.651718419841274,36.60342408394385,900660,115
2020-07-11,Potosí,858,82,31,901555,745,8.263500285617628,34.385034745523015,900697,113
2020-07-10,Potosí,847,80,31,901555,736,8.16367276538869,34.385034745523015,900708,111
2020-07-09,Potosí,844,75,29,901555,740,8.208040552157106,32.16664540710217,900711,104
2020-07-08,Potosí,831,74,25,901555,732,8.119304978620272,27.729866730260493,900724,99
2020-07-07,Potosí,801,70,25,901555,706,7.8309143646255635,27.729866730260493,900754,95
2020-07-06,Potosí,782,53,25,901555,704,7.808730471241355,27.729866730260493,900773,78
2020-07-05,Potosí,761,52,25,901555,684,7.586891537399271,27.729866730260493,900794,77
2020-07-04,Potosí,758,52,24,901555,682,7.564707644015063,26.620672061050076,900797,76
2020-07-03,Potosí,728,52,23,901555,653,7.243041189944041,25.511477391839655,900827,75
2020-07-02,Potosí,720,51,22,901555,647,7.176489509791416,24.402282722629234,900835,73
2020-07-01,Potosí,689,51,20,901555,618,6.854823055720394,22.183893384208396,900866,71
2020-06-30,Potosí,674,51,19,901555,604,6.699535802030935,21.074698714997975,900881,70
2020-06-29,Potosí,664,50,19,901555,595,6.599708281801997,21.074698714997975,900891,69
2020-06-28,Potosí,641,50,19,901555,572,6.3445935078836015,21.074698714997975,900914,69
2020-06-27,Potosí,603,40,17,901555,546,6.056202893888892,18.856309376577137,900952,57
2020-06-26,Potosí,589,40,17,901555,532,5.900915640199433,18.856309376577137,900966,57
2020-06-25,Potosí,588,40,17,901555,531,5.889823693507329,18.856309376577137,900967,57
2020-06-24,Potosí,576,40,15,901555,521,5.778904226586287,16.637920038156295,900979,55
2020-06-23,Potosí,560,35,15,901555,510,5.656892812973141,16.637920038156295,900995,50
2020-06-22,Potosí,546,35,13,901555,498,5.523789452667891,14.419530699735457,901009,48
2020-06-21,Potosí,428,35,13,901555,380,4.214939742999595,14.419530699735457,901127,48
2020-06-20,Potosí,424,35,13,901555,376,4.1705719562311785,14.419530699735457,901131,48
2020-06-19,Potosí,407,35,10,901555,362,4.015284702541719,11.091946692104198,901148,45
2020-06-18,Potosí,378,35,9,901555,334,3.704710195162802,9.982752022893777,901177,44
2020-06-17,Potosí,378,35,9,901555,334,3.704710195162802,9.982752022893777,901177,44
2020-06-16,Potosí,361,35,9,901555,317,3.516147101397031,9.982752022893777,901194,44
2020-06-15,Potosí,343,35,8,901555,300,3.3275840076312595,8.873557353683358,901212,43
2020-06-14,Potosí,331,34,8,901555,289,3.205572594018113,8.873557353683358,901224,42
2020-06-13,Potosí,295,34,8,901555,253,2.806262513102362,8.873557353683358,901260,42
2020-06-12,Potosí,274,31,8,901555,235,2.6066074726444866,8.873557353683358,901281,39
2020-06-11,Potosí,268,31,7,901555,230,2.5511477391839654,7.764362684472938,901287,38
2020-06-10,Potosí,205,31,6,901555,168,1.8634470442735052,6.655168015262519,901350,37
2020-06-09,Potosí,200,31,4,901555,165,1.8301712041971927,4.436778676841679,901355,35
2020-06-08,Potosí,183,31,3,901555,149,1.6527000571235255,3.3275840076312595,901372,34
2020-06-07,Potosí,183,31,3,901555,149,1.6527000571235255,3.3275840076312595,901372,34
2020-06-06,Potosí,171,31,3,901555,137,1.519596696818275,3.3275840076312595,901384,34
2020-06-05,Potosí,147,31,3,901555,113,1.2533899762077743,3.3275840076312595,901408,34
2020-06-04,Potosí,119,28,3,901555,88,0.9760913089051694,3.3275840076312595,901436,31
2020-06-03,Potosí,98,28,3,901555,67,0.7431604283709813,3.3275840076312595,901457,31
2020-06-02,Potosí,93,28,1,901555,64,0.7098845882946686,1.1091946692104198,901462,29
2020-06-01,Potosí,70,28,1,901555,41,0.4547698143762721,1.1091946692104198,901485,29
2020-05-31,Potosí,68,28,1,901555,39,0.4325859209920637,1.1091946692104198,901487,29
2020-05-30,Potosí,48,28,1,901555,19,0.21074698714997975,1.1091946692104198,901507,29
2020-05-29,Potosí,48,20,1,901555,27,0.29948256068681334,1.1091946692104198,901507,21
2020-05-28,Potosí,46,20,1,901555,25,0.27729866730260494,1.1091946692104198,901509,21
2020-05-27,Potosí,44,20,1,901555,23,0.25511477391839654,1.1091946692104198,901511,21
2020-05-26,Potosí,44,20,1,901555,23,0.25511477391839654,1.1091946692104198,901511,21
2020-05-25,Potosí,44,20,1,901555,23,0.25511477391839654,1.1091946692104198,901511,21
2020-05-24,Potosí,42,17,1,901555,24,0.26620672061050077,1.1091946692104198,901513,18
2020-05-23,Potosí,41,11,1,901555,29,0.32166645407102173,1.1091946692104198,901514,12
2020-05-22,Potosí,41,11,1,901555,29,0.32166645407102173,1.1091946692104198,901514,12
2020-05-21,Potosí,41,11,1,901555,29,0.32166645407102173,1.1091946692104198,901514,12
2020-05-20,Potosí,40,11,1,901555,28,0.31057450737891756,1.1091946692104198,901515,12
2020-05-19,Potosí,39,11,1,901555,27,0.29948256068681334,1.1091946692104198,901516,12
2020-05-18,Potosí,39,11,1,901555,27,0.29948256068681334,1.1091946692104198,901516,12
2020-05-17,Potosí,38,11,1,901555,26,0.28839061399470917,1.1091946692104198,901517,12
2020-05-16,Potosí,36,11,1,901555,24,0.26620672061050077,1.1091946692104198,901519,12
2020-05-15,Potosí,36,7,1,901555,28,0.31057450737891756,1.1091946692104198,901519,8
2020-05-14,Potosí,36,7,1,901555,28,0.31057450737891756,1.1091946692104198,901519,8
2020-05-13,Potosí,36,7,1,901555,28,0.31057450737891756,1.1091946692104198,901519,8
2020-05-12,Potosí,36,7,1,901555,28,0.31057450737891756,1.1091946692104198,901519,8
2020-05-11,Potosí,36,7,1,901555,28,0.31057450737891756,1.1091946692104198,901519,8
2020-05-10,Potosí,35,7,2,901555,26,0.28839061399470917,2.2183893384208395,901520,9
2020-05-09,Potosí,35,6,1,901555,28,0.31057450737891756,1.1091946692104198,901520,7
2020-05-08,Potosí,35,6,1,901555,28,0.31057450737891756,1.1091946692104198,901520,7
2020-05-07,Potosí,35,6,1,901555,28,0.31057450737891756,1.1091946692104198,901520,7
2020-05-06,Potosí,35,6,1,901555,28,0.31057450737891756,1.1091946692104198,901520,7
2020-05-05,Potosí,35,6,1,901555,28,0.31057450737891756,1.1091946692104198,901520,7
2020-05-04,Potosí,33,2,1,901555,30,0.3327584007631259,1.1091946692104198,901522,3
2020-05-03,Potosí,26,2,1,901555,23,0.25511477391839654,1.1091946692104198,901529,3
2020-05-02,Potosí,26,2,1,901555,23,0.25511477391839654,1.1091946692104198,901529,3
2020-05-01,Potosí,26,2,1,901555,23,0.25511477391839654,1.1091946692104198,901529,3
2020-04-30,Potosí,26,2,1,901555,23,0.25511477391839654,1.1091946692104198,901529,3
2020-04-29,Potosí,26,2,1,901555,23,0.25511477391839654,1.1091946692104198,901529,3
2020-04-28,Potosí,26,2,1,901555,23,0.25511477391839654,1.1091946692104198,901529,3
2020-04-27,Potosí,26,2,1,901555,23,0.25511477391839654,1.1091946692104198,901529,3
2020-04-26,Potosí,26,0,1,901555,25,0.27729866730260494,1.1091946692104198,901529,1
2020-04-25,Potosí,26,0,1,901555,25,0.27729866730260494,1.1091946692104198,901529,1
2020-04-24,Potosí,21,0,1,901555,20,0.22183893384208395,1.1091946692104198,901534,1
2020-04-23,Potosí,21,0,1,901555,20,0.22183893384208395,1.1091946692104198,901534,1
2020-04-22,Potosí,21,0,1,901555,20,0.22183893384208395,1.1091946692104198,901534,1
2020-04-21,Potosí,19,0,1,901555,18,0.19965504045787555,1.1091946692104198,901536,1
2020-04-20,Potosí,19,0,1,901555,18,0.19965504045787555,1.1091946692104198,901536,1
2020-04-19,Potosí,19,0,1,901555,18,0.19965504045787555,1.1091946692104198,901536,1
2020-04-18,Potosí,18,0,1,901555,17,0.18856309376577135,1.1091946692104198,901537,1
2020-04-17,Potosí,18,0,1,901555,17,0.18856309376577135,1.1091946692104198,901537,1
2020-04-16,Potosí,16,0,1,901555,15,0.16637920038156295,1.1091946692104198,901539,1
2020-04-15,Potosí,15,0,1,901555,14,0.15528725368945878,1.1091946692104198,901540,1
2020-04-14,Potosí,15,0,1,901555,14,0.15528725368945878,1.1091946692104198,901540,1
2020-04-13,Potosí,15,0,1,901555,14,0.15528725368945878,1.1091946692104198,901540,1
2020-04-12,Potosí,15,0,1,901555,14,0.15528725368945878,1.1091946692104198,901540,1
2020-04-11,Potosí,15,0,1,901555,14,0.15528725368945878,1.1091946692104198,901540,1
2020-04-10,Potosí,13,0,1,901555,12,0.13310336030525038,1.1091946692104198,901542,1
2020-04-09,Potosí,13,0,1,901555,12,0.13310336030525038,1.1091946692104198,901542,1
2020-04-08,Potosí,13,0,1,901555,12,0.13310336030525038,1.1091946692104198,901542,1
2020-04-07,Potosí,10,0,1,901555,9,0.09982752022893777,1.1091946692104198,901545,1
2020-04-06,Potosí,8,0,0,901555,8,0.08873557353683358,0.0,901547,0
2020-04-05,Potosí,5,0,0,901555,5,0.05545973346052099,0.0,901550,0
2020-04-04,Potosí,5,0,0,901555,5,0.05545973346052099,0.0,901550,0
2020-04-03,Potosí,5,0,0,901555,5,0.05545973346052099,0.0,901550,0
2020-04-02,Potosí,5,0,0,901555,5,0.05545973346052099,0.0,901550,0
2020-04-01,Potosí,4,0,0,901555,4,0.04436778676841679,0.0,901551,0
2020-03-31,Potosí,4,0,0,901555,4,0.04436778676841679,0.0,901551,0
2020-03-30,Potosí,3,0,0,901555,3,0.033275840076312596,0.0,901552,0
2020-03-29,Potosí,3,0,0,901555,3,0.033275840076312596,0.0,901552,0
2020-03-28,Potosí,3,0,0,901555,3,0.033275840076312596,0.0,901552,0
2020-03-27,Potosí,1,0,0,901555,1,0.011091946692104197,0.0,901554,0
2020-03-26,Potosí,1,0,0,901555,1,0.011091946692104197,0.0,901554,0
2020-03-25,Potosí,0,0,0,901555,0,0.0,0.0,901555,0
2020-03-24,Potosí,0,0,0,901555,0,0.0,0.0,901555,0
2020-03-23,Potosí,0,0,0,901555,0,0.0,0.0,901555,0
2020-03-22,Potosí,0,0,0,901555,0,0.0,0.0,901555,0
2020-03-21,Potosí,0,0,0,901555,0,0.0,0.0,901555,0
2020-07-20,Tarija,2561,159,69,583330,2333,39.99451425436717,118.28639020794405,580769,228
2020-07-19,Tarija,2483,137,63,583330,2283,39.13736649923714,108.00061714638369,580847,200
2020-07-18,Tarija,2347,107,62,583330,2178,37.337356213464076,106.28632163612363,580983,169
2020-07-17,Tarija,2028,78,56,583330,1894,32.46875696432551,96.00054857456328,581302,134
2020-07-16,Tarija,1873,49,54,583330,1770,30.343030531603038,92.57195755404317,581457,103
2020-07-15,Tarija,1743,49,52,583330,1642,28.148732278470163,89.14336653352305,581587,101
2020-07-14,Tarija,1660,49,49,583330,1562,26.777295870262115,84.00048000274288,581670,98
2020-07-13,Tarija,1533,49,47,583330,1437,24.634426482437043,80.57188898222276,581797,96
2020-07-12,Tarija,1501,49,46,583330,1406,24.102994874256424,78.8575934719627,581829,95
2020-07-11,Tarija,1501,39,44,583330,1418,24.308710335487632,75.42900245144259,581829,83
2020-07-10,Tarija,1454,36,41,583330,1377,23.60584917628101,70.28611592066241,581876,77
2020-07-09,Tarija,1284,36,39,583330,1209,20.72583271904411,66.85752490014228,582046,75
2020-07-08,Tarija,1214,36,34,583330,1144,19.61154063737507,58.28604734884199,582116,70
2020-07-07,Tarija,1069,35,31,583330,1003,17.194383967908387,53.143160818061816,582261,66
2020-07-06,Tarija,1039,34,30,583330,975,16.71438122503557,51.42886530780176,582291,64
2020-07-05,Tarija,971,33,28,583330,910,15.600089143366533,48.00027428728164,582359,61
2020-07-04,Tarija,916,33,25,583330,858,14.708655478031304,42.85738775650147,582414,58
2020-07-03,Tarija,830,31,23,583330,776,13.302933159618055,39.42879673598135,582500,54
2020-07-02,Tarija,764,31,22,583330,711,12.188641077949017,37.71450122572129,582566,53
2020-07-01,Tarija,709,31,17,583330,661,11.331493322818988,29.143023674420995,582621,48
2020-06-30,Tarija,652,31,15,583330,606,10.388630792175956,25.71443265390088,582678,46
2020-06-29,Tarija,596,30,15,583330,551,9.445768261532923,25.71443265390088,582734,45
2020-06-28,Tarija,537,30,13,583330,494,8.46861982068469,22.285841633380763,582793,43
2020-06-27,Tarija,514,30,11,583330,473,8.108617763530077,18.857250612860646,582816,41
2020-06-26,Tarija,432,28,10,583330,394,6.754324310424631,17.142955102600585,582898,38
2020-06-25,Tarija,393,28,10,583330,355,6.085749061423208,17.142955102600585,582937,38
2020-06-24,Tarija,331,27,8,583330,296,5.074314710369774,13.714364082080468,582999,35
2020-06-23,Tarija,299,22,8,583330,269,4.611454922599558,13.714364082080468,583031,30
2020-06-22,Tarija,275,20,8,583330,247,4.234309910342345,13.714364082080468,583055,28
2020-06-21,Tarija,246,16,8,583330,222,3.80573603277733,13.714364082080468,583084,24
2020-06-20,Tarija,239,16,8,583330,215,3.685735347059126,13.714364082080468,583091,24
2020-06-19,Tarija,206,14,7,583330,185,3.1714466939811086,12.00006857182041,583124,21
2020-06-18,Tarija,191,14,7,583330,170,2.9143023674420996,12.00006857182041,583139,21
2020-06-17,Tarija,175,12,7,583330,156,2.6743009960056914,12.00006857182041,583155,19
2020-06-16,Tarija,149,11,5,583330,133,2.280013028645878,8.571477551300292,583181,16
2020-06-15,Tarija,123,11,5,583330,107,1.8342961959782627,8.571477551300292,583207,16
2020-06-14,Tarija,112,11,5,583330,96,1.6457236898496563,8.571477551300292,583218,16
2020-06-13,Tarija,112,11,5,583330,96,1.6457236898496563,8.571477551300292,583218,16
2020-06-12,Tarija,87,10,5,583330,72,1.2342927673872421,8.571477551300292,583243,15
2020-06-11,Tarija,77,10,4,583330,63,1.080006171463837,6.857182041040234,583253,14
2020-06-10,Tarija,69,10,4,583330,55,0.9428625306430323,6.857182041040234,583261,14
2020-06-09,Tarija,68,10,4,583330,54,0.9257195755404316,6.857182041040234,583262,14
2020-06-08,Tarija,58,10,4,583330,44,0.7542900245144258,6.857182041040234,583272,14
2020-06-07,Tarija,58,10,4,583330,44,0.7542900245144258,6.857182041040234,583272,14
2020-06-06,Tarija,58,10,4,583330,44,0.7542900245144258,6.857182041040234,583272,14
2020-06-05,Tarija,49,7,4,583330,38,0.6514322938988223,6.857182041040234,583281,11
2020-06-04,Tarija,44,7,4,583330,33,0.5657175183858193,6.857182041040234,583286,11
2020-06-03,Tarija,40,7,4,583330,29,0.497145697975417,6.857182041040234,583290,11
2020-06-02,Tarija,37,7,4,583330,26,0.44571683266761525,6.857182041040234,583293,11
2020-06-01,Tarija,37,7,4,583330,26,0.44571683266761525,6.857182041040234,583293,11
2020-05-31,Tarija,32,7,3,583330,22,0.3771450122572129,5.142886530780176,583298,10
2020-05-30,Tarija,32,7,3,583330,22,0.3771450122572129,5.142886530780176,583298,10
2020-05-29,Tarija,24,7,3,583330,14,0.2400013714364082,5.142886530780176,583306,10
2020-05-28,Tarija,22,7,3,583330,12,0.20571546123120704,5.142886530780176,583308,10
2020-05-27,Tarija,19,7,3,583330,9,0.15428659592340527,5.142886530780176,583311,10
2020-05-26,Tarija,19,7,3,583330,9,0.15428659592340527,5.142886530780176,583311,10
2020-05-25,Tarija,19,7,2,583330,10,0.17142955102600585,3.428591020520117,583311,9
2020-05-24,Tarija,18,6,2,583330,10,0.17142955102600585,3.428591020520117,583312,8
2020-05-23,Tarija,18,6,2,583330,10,0.17142955102600585,3.428591020520117,583312,8
2020-05-22,Tarija,18,6,2,583330,10,0.17142955102600585,3.428591020520117,583312,8
2020-05-21,Tarija,17,4,2,583330,11,0.18857250612860646,3.428591020520117,583313,6
2020-05-20,Tarija,14,3,2,583330,9,0.15428659592340527,3.428591020520117,583316,5
2020-05-19,Tarija,13,3,2,583330,8,0.13714364082080469,3.428591020520117,583317,5
2020-05-18,Tarija,13,2,2,583330,9,0.15428659592340527,3.428591020520117,583317,4
2020-05-17,Tarija,13,2,1,583330,10,0.17142955102600585,1.7142955102600586,583317,3
2020-05-16,Tarija,13,2,1,583330,10,0.17142955102600585,1.7142955102600586,583317,3
2020-05-15,Tarija,13,2,1,583330,10,0.17142955102600585,1.7142955102600586,583317,3
2020-05-14,Tarija,13,2,1,583330,10,0.17142955102600585,1.7142955102600586,583317,3
2020-05-13,Tarija,13,2,1,583330,10,0.17142955102600585,1.7142955102600586,583317,3
2020-05-12,Tarija,13,2,1,583330,10,0.17142955102600585,1.7142955102600586,583317,3
2020-05-11,Tarija,10,2,1,583330,7,0.1200006857182041,1.7142955102600586,583320,3
2020-05-10,Tarija,10,2,1,583330,7,0.1200006857182041,1.7142955102600586,583320,3
2020-05-09,Tarija,10,2,1,583330,7,0.1200006857182041,1.7142955102600586,583320,3
2020-05-08,Tarija,9,0,1,583330,8,0.13714364082080469,1.7142955102600586,583321,1
2020-05-07,Tarija,6,0,1,583330,5,0.08571477551300292,1.7142955102600586,583324,1
2020-05-06,Tarija,6,0,1,583330,5,0.08571477551300292,1.7142955102600586,583324,1
2020-05-05,Tarija,6,0,1,583330,5,0.08571477551300292,1.7142955102600586,583324,1
2020-05-04,Tarija,4,0,1,583330,3,0.05142886530780176,1.7142955102600586,583326,1
2020-05-03,Tarija,3,0,0,583330,3,0.05142886530780176,0.0,583327,0
2020-05-02,Tarija,3,0,0,583330,3,0.05142886530780176,0.0,583327,0
2020-05-01,Tarija,3,0,0,583330,3,0.05142886530780176,0.0,583327,0
2020-04-30,Tarija,3,0,0,583330,3,0.05142886530780176,0.0,583327,0
2020-04-29,Tarija,3,0,0,583330,3,0.05142886530780176,0.0,583327,0
2020-04-28,Tarija,3,0,0,583330,3,0.05142886530780176,0.0,583327,0
2020-04-27,Tarija,3,0,0,583330,3,0.05142886530780176,0.0,583327,0
2020-04-26,Tarija,3,0,0,583330,3,0.05142886530780176,0.0,583327,0
2020-04-25,Tarija,3,0,0,583330,3,0.05142886530780176,0.0,583327,0
2020-04-24,Tarija,3,0,0,583330,3,0.05142886530780176,0.0,583327,0
2020-04-23,Tarija,3,0,0,583330,3,0.05142886530780176,0.0,583327,0
2020-04-22,Tarija,3,0,0,583330,3,0.05142886530780176,0.0,583327,0
2020-04-21,Tarija,3,0,0,583330,3,0.05142886530780176,0.0,583327,0
2020-04-20,Tarija,3,0,0,583330,3,0.05142886530780176,0.0,583327,0
2020-04-19,Tarija,3,0,0,583330,3,0.05142886530780176,0.0,583327,0
2020-04-18,Tarija,3,0,0,583330,3,0.05142886530780176,0.0,583327,0
2020-04-17,Tarija,3,0,0,583330,3,0.05142886530780176,0.0,583327,0
2020-04-16,Tarija,2,0,0,583330,2,0.03428591020520117,0.0,583328,0
2020-04-15,Tarija,2,0,0,583330,2,0.03428591020520117,0.0,583328,0
2020-04-14,Tarija,2,0,0,583330,2,0.03428591020520117,0.0,583328,0
2020-04-13,Tarija,2,0,0,583330,2,0.03428591020520117,0.0,583328,0
2020-04-12,Tarija,2,0,0,583330,2,0.03428591020520117,0.0,583328,0
2020-04-11,Tarija,1,0,0,583330,1,0.017142955102600586,0.0,583329,0
2020-04-10,Tarija,1,0,0,583330,1,0.017142955102600586,0.0,583329,0
2020-04-09,Tarija,1,0,0,583330,1,0.017142955102600586,0.0,583329,0
2020-04-08,Tarija,1,0,0,583330,1,0.017142955102600586,0.0,583329,0
2020-04-07,Tarija,1,0,0,583330,1,0.017142955102600586,0.0,583329,0
2020-04-06,Tarija,1,0,0,583330,1,0.017142955102600586,0.0,583329,0
2020-04-05,Tarija,1,0,0,583330,1,0.017142955102600586,0.0,583329,0
2020-04-04,Tarija,1,0,0,583330,1,0.017142955102600586,0.0,583329,0
2020-04-03,Tarija,1,0,0,583330,1,0.017142955102600586,0.0,583329,0
2020-04-02,Tarija,1,0,0,583330,1,0.017142955102600586,0.0,583329,0
2020-04-01,Tarija,1,0,0,583330,1,0.017142955102600586,0.0,583329,0
2020-03-31,Tarija,1,0,0,583330,1,0.017142955102600586,0.0,583329,0
2020-03-30,Tarija,1,0,0,583330,1,0.017142955102600586,0.0,583329,0
2020-03-29,Tarija,0,0,0,583330,0,0.0,0.0,583330,0
2020-03-28,Tarija,0,0,0,583330,0,0.0,0.0,583330,0
2020-03-27,Tarija,0,0,0,583330,0,0.0,0.0,583330,0
2020-03-26,Tarija,0,0,0,583330,0,0.0,0.0,583330,0
2020-03-25,Tarija,0,0,0,583330,0,0.0,0.0,583330,0
2020-03-24,Tarija,0,0,0,583330,0,0.0,0.0,583330,0
2020-03-23,Tarija,0,0,0,583330,0,0.0,0.0,583330,0
2020-03-22,Tarija,0,0,0,583330,0,0.0,0.0,583330,0
2020-03-21,Tarija,0,0,0,583330,0,0.0,0.0,583330,0
2020-07-20,Chuquisaca,1637,116,77,637013,1444,22.668297193306888,120.87665400863091,635376,193
2020-07-19,Chuquisaca,1605,114,73,637013,1418,22.260142257693328,114.59734730688385,635408,187
2020-07-18,Chuquisaca,1588,97,68,637013,1423,22.338633591465165,106.74821392970003,635425,165
2020-07-17,Chuquisaca,1536,94,63,637013,1379,21.64790985427299,98.8990805525162,635477,157
2020-07-16,Chuquisaca,1490,68,61,637013,1361,21.365341052694372,95.75942720164267,635523,129
2020-07-15,Chuquisaca,1422,59,60,637013,1303,20.45484158094105,94.18960052620591,635591,119
2020-07-14,Chuquisaca,1374,59,60,637013,1255,19.7013247767314,94.18960052620591,635639,119
2020-07-13,Chuquisaca,1332,53,60,637013,1219,19.136187173574164,94.18960052620591,635681,113
2020-07-12,Chuquisaca,1332,53,60,637013,1219,19.136187173574164,94.18960052620591,635681,113
2020-07-11,Chuquisaca,1298,51,58,637013,1189,18.665239170943135,91.04994717533238,635715,109
2020-07-10,Chuquisaca,1165,44,56,637013,1065,16.718654093401547,87.91029382445885,635848,100
2020-07-09,Chuquisaca,1162,44,52,637013,1066,16.734352360155913,81.63098712271179,635851,96
2020-07-08,Chuquisaca,1099,44,50,637013,1005,15.776758088139488,78.49133377183826,635914,94
2020-07-07,Chuquisaca,1068,32,50,637013,986,15.478491019806503,78.49133377183826,635945,82
2020-07-06,Chuquisaca,1000,32,46,637013,922,14.473801947526974,72.2120270700912,636013,78
2020-07-05,Chuquisaca,967,32,45,637013,890,13.971457411387208,70.64220039465442,636046,77
2020-07-04,Chuquisaca,917,28,44,637013,845,13.265035407440665,69.07237371921767,636096,72
2020-07-03,Chuquisaca,852,28,43,637013,781,12.260346335161135,67.5025470437809,636161,71
2020-07-02,Chuquisaca,811,28,38,637013,745,11.6952087320039,59.65341366659707,636202,66
2020-07-01,Chuquisaca,766,23,37,637013,706,11.08297632858356,58.0835869911603,636247,60
2020-06-30,Chuquisaca,707,23,35,637013,649,10.188175123584605,54.94393364028677,636306,58
2020-06-29,Chuquisaca,644,23,32,637013,589,9.246279118322546,50.234453613976484,636369,55
2020-06-28,Chuquisaca,637,23,31,637013,583,9.15208951779634,48.66462693853972,636376,54
2020-06-27,Chuquisaca,578,23,30,637013,525,8.241590046043017,47.094800263102954,636435,53
2020-06-26,Chuquisaca,524,23,29,637013,472,7.409581908061531,45.52497358766619,636489,52
2020-06-25,Chuquisaca,470,22,29,637013,419,6.577573770080045,45.52497358766619,636543,51
2020-06-24,Chuquisaca,422,22,26,637013,374,5.871151766133501,40.81549356135589,636591,48
2020-06-23,Chuquisaca,382,21,22,637013,339,5.321712429730633,34.53618685960883,636631,43
2020-06-22,Chuquisaca,301,21,21,637013,259,4.065851089381222,32.96636018417207,636712,42
2020-06-21,Chuquisaca,301,19,21,637013,261,4.097247622889957,32.96636018417207,636712,40
2020-06-20,Chuquisaca,253,16,15,637013,222,3.4850152194696182,23.547400131551477,636760,31
2020-06-19,Chuquisaca,196,16,14,637013,166,2.60591228122503,21.977573456114712,636817,30
2020-06-18,Chuquisaca,185,16,11,637013,158,2.480326147190089,17.268093429804416,636828,27
2020-06-17,Chuquisaca,134,15,9,637013,110,1.7268093429804414,14.128440078930884,636879,24
2020-06-16,Chuquisaca,129,15,8,637013,106,1.6640162759629709,12.558613403494121,636884,23
2020-06-15,Chuquisaca,117,15,6,637013,96,1.5070336084192943,9.41896005262059,636896,21
2020-06-14,Chuquisaca,102,15,4,637013,83,1.302956140612515,6.2793067017470605,636911,19
2020-06-13,Chuquisaca,100,15,3,637013,82,1.2872578738581473,4.709480026310295,636913,18
2020-06-12,Chuquisaca,85,15,3,637013,67,1.0517838725426325,4.709480026310295,636928,18
2020-06-11,Chuquisaca,74,15,3,637013,56,0.8791029382445884,4.709480026310295,636939,18
2020-06-10,Chuquisaca,61,14,3,637013,44,0.6907237371921766,4.709480026310295,636952,17
2020-06-09,Chuquisaca,43,14,2,637013,27,0.42385320236792656,3.1396533508735303,636970,16
2020-06-08,Chuquisaca,39,14,2,637013,23,0.36106013535045595,3.1396533508735303,636974,16
2020-06-07,Chuquisaca,39,14,2,637013,23,0.36106013535045595,3.1396533508735303,636974,16
2020-06-06,Chuquisaca,39,14,2,637013,23,0.36106013535045595,3.1396533508735303,636974,16
2020-06-05,Chuquisaca,38,14,2,637013,22,0.3453618685960883,3.1396533508735303,636975,16
2020-06-04,Chuquisaca,32,14,2,637013,16,0.2511722680698824,3.1396533508735303,636981,16
2020-06-03,Chuquisaca,31,14,2,637013,15,0.23547400131551474,3.1396533508735303,636982,16
2020-06-02,Chuquisaca,29,14,2,637013,13,0.20407746780677946,3.1396533508735303,636984,16
2020-06-01,Chuquisaca,28,14,2,637013,12,0.1883792010524118,3.1396533508735303,636985,16
2020-05-31,Chuquisaca,26,14,2,637013,10,0.1569826675436765,3.1396533508735303,636987,16
2020-05-30,Chuquisaca,25,12,2,637013,11,0.17268093429804415,3.1396533508735303,636988,14
2020-05-29,Chuquisaca,25,11,2,637013,12,0.1883792010524118,3.1396533508735303,636988,13
2020-05-28,Chuquisaca,25,11,2,637013,12,0.1883792010524118,3.1396533508735303,636988,13
2020-05-27,Chuquisaca,25,11,2,637013,12,0.1883792010524118,3.1396533508735303,636988,13
2020-05-26,Chuquisaca,22,11,2,637013,9,0.14128440078930884,3.1396533508735303,636991,13
2020-05-25,Chuquisaca,22,11,2,637013,9,0.14128440078930884,3.1396533508735303,636991,13
2020-05-24,Chuquisaca,21,11,2,637013,8,0.1255861340349412,3.1396533508735303,636992,13
2020-05-23,Chuquisaca,21,11,2,637013,8,0.1255861340349412,3.1396533508735303,636992,13
2020-05-22,Chuquisaca,19,11,2,637013,6,0.0941896005262059,3.1396533508735303,636994,13
2020-05-21,Chuquisaca,19,4,2,637013,13,0.20407746780677946,3.1396533508735303,636994,6
2020-05-20,Chuquisaca,19,4,2,637013,13,0.20407746780677946,3.1396533508735303,636994,6
2020-05-19,Chuquisaca,17,1,2,637013,14,0.2197757345611471,3.1396533508735303,636996,3
2020-05-18,Chuquisaca,17,1,2,637013,14,0.2197757345611471,3.1396533508735303,636996,3
2020-05-17,Chuquisaca,17,1,2,637013,14,0.2197757345611471,3.1396533508735303,636996,3
2020-05-16,Chuquisaca,16,1,2,637013,13,0.20407746780677946,3.1396533508735303,636997,3
2020-05-15,Chuquisaca,15,1,2,637013,12,0.1883792010524118,3.1396533508735303,636998,3
2020-05-14,Chuquisaca,15,1,2,637013,12,0.1883792010524118,3.1396533508735303,636998,3
2020-05-13,Chuquisaca,15,1,2,637013,12,0.1883792010524118,3.1396533508735303,636998,3
2020-05-12,Chuquisaca,15,1,2,637013,12,0.1883792010524118,3.1396533508735303,636998,3
2020-05-11,Chuquisaca,15,1,2,637013,12,0.1883792010524118,3.1396533508735303,636998,3
2020-05-10,Chuquisaca,15,0,1,637013,14,0.2197757345611471,1.5698266754367651,636998,1
2020-05-09,Chuquisaca,14,0,1,637013,13,0.20407746780677946,1.5698266754367651,636999,1
2020-05-08,Chuquisaca,11,0,1,637013,10,0.1569826675436765,1.5698266754367651,637002,1
2020-05-07,Chuquisaca,11,0,1,637013,10,0.1569826675436765,1.5698266754367651,637002,1
2020-05-06,Chuquisaca,6,0,1,637013,5,0.07849133377183826,1.5698266754367651,637007,1
2020-05-05,Chuquisaca,6,0,1,637013,5,0.07849133377183826,1.5698266754367651,637007,1
2020-05-04,Chuquisaca,5,0,1,637013,4,0.0627930670174706,1.5698266754367651,637008,1
2020-05-03,Chuquisaca,4,0,0,637013,4,0.0627930670174706,0.0,637009,0
2020-05-02,Chuquisaca,4,0,0,637013,4,0.0627930670174706,0.0,637009,0
2020-05-01,Chuquisaca,4,0,0,637013,4,0.0627930670174706,0.0,637009,0
2020-04-30,Chuquisaca,3,0,0,637013,3,0.04709480026310295,0.0,637010,0
2020-04-29,Chuquisaca,3,0,0,637013,3,0.04709480026310295,0.0,637010,0
2020-04-28,Chuquisaca,3,0,0,637013,3,0.04709480026310295,0.0,637010,0
2020-04-27,Chuquisaca,3,0,0,637013,3,0.04709480026310295,0.0,637010,0
2020-04-26,Chuquisaca,2,0,0,637013,2,0.0313965335087353,0.0,637011,0
2020-04-25,Chuquisaca,2,0,0,637013,2,0.0313965335087353,0.0,637011,0
2020-04-24,Chuquisaca,2,0,0,637013,2,0.0313965335087353,0.0,637011,0
2020-04-23,Chuquisaca,2,0,0,637013,2,0.0313965335087353,0.0,637011,0
2020-04-22,Chuquisaca,1,0,0,637013,1,0.01569826675436765,0.0,637012,0
2020-04-21,Chuquisaca,1,0,0,637013,1,0.01569826675436765,0.0,637012,0
2020-04-20,Chuquisaca,1,0,0,637013,1,0.01569826675436765,0.0,637012,0
2020-04-19,Chuquisaca,1,0,0,637013,1,0.01569826675436765,0.0,637012,0
2020-04-18,Chuquisaca,1,0,0,637013,1,0.01569826675436765,0.0,637012,0
2020-04-17,Chuquisaca,1,0,0,637013,1,0.01569826675436765,0.0,637012,0
2020-04-16,Chuquisaca,1,0,0,637013,1,0.01569826675436765,0.0,637012,0
2020-04-15,Chuquisaca,1,0,0,637013,1,0.01569826675436765,0.0,637012,0
2020-04-14,Chuquisaca,1,0,0,637013,1,0.01569826675436765,0.0,637012,0
2020-04-13,Chuquisaca,1,0,0,637013,1,0.01569826675436765,0.0,637012,0
2020-04-12,Chuquisaca,1,0,0,637013,1,0.01569826675436765,0.0,637012,0
2020-04-11,Chuquisaca,1,0,0,637013,1,0.01569826675436765,0.0,637012,0
2020-04-10,Chuquisaca,1,0,0,637013,1,0.01569826675436765,0.0,637012,0
2020-04-09,Chuquisaca,1,0,0,637013,1,0.01569826675436765,0.0,637012,0
2020-04-08,Chuquisaca,1,0,0,637013,1,0.01569826675436765,0.0,637012,0
2020-04-07,Chuquisaca,1,0,0,637013,1,0.01569826675436765,0.0,637012,0
2020-04-06,Chuquisaca,1,0,0,637013,1,0.01569826675436765,0.0,637012,0
2020-04-05,Chuquisaca,1,0,0,637013,1,0.01569826675436765,0.0,637012,0
2020-04-04,Chuquisaca,1,0,0,637013,1,0.01569826675436765,0.0,637012,0
2020-04-03,Chuquisaca,1,0,0,637013,1,0.01569826675436765,0.0,637012,0
2020-04-02,Chuquisaca,1,0,0,637013,1,0.01569826675436765,0.0,637012,0
2020-04-01,Chuquisaca,1,0,0,637013,1,0.01569826675436765,0.0,637012,0
2020-03-31,Chuquisaca,1,0,0,637013,1,0.01569826675436765,0.0,637012,0
2020-03-30,Chuquisaca,1,0,0,637013,1,0.01569826675436765,0.0,637012,0
2020-03-29,Chuquisaca,1,0,0,637013,1,0.01569826675436765,0.0,637012,0
2020-03-28,Chuquisaca,1,0,0,637013,1,0.01569826675436765,0.0,637012,0
2020-03-27,Chuquisaca,1,0,0,637013,1,0.01569826675436765,0.0,637012,0
2020-03-26,Chuquisaca,0,0,0,637013,0,0.0,0.0,637013,0
2020-03-25,Chuquisaca,0,0,0,637013,0,0.0,0.0,637013,0
2020-03-24,Chuquisaca,0,0,0,637013,0,0.0,0.0,637013,0
2020-03-23,Chuquisaca,0,0,0,637013,0,0.0,0.0,637013,0
2020-03-22,Chuquisaca,0,0,0,637013,0,0.0,0.0,637013,0
2020-03-21,Chuquisaca,0,0,0,637013,0,0.0,0.0,637013,0
2020-07-20,Beni,5124,204,282,480308,4638,96.56303871682337,587.1232625731822,475184,486
2020-07-19,Beni,5092,202,281,480308,4609,95.9592594751701,585.0412651881709,475216,483
2020-07-18,Beni,5068,202,281,480308,4585,95.45958010276739,585.0412651881709,475240,483
2020-07-17,Beni,5040,202,280,480308,4558,94.89744080881434,582.9592678031596,475268,482
2020-07-16,Beni,5026,198,276,480308,4552,94.77252096571367,574.6312782631145,475282,474
2020-07-15,Beni,4957,190,276,480308,4491,93.50250256085678,574.6312782631145,475351,466
2020-07-14,Beni,4904,182,275,480308,4447,92.58642371145181,572.5492808781032,475404,457
2020-07-13,Beni,4861,179,273,480308,4409,91.79526470514753,568.3852861080807,475447,452
2020-07-12,Beni,4837,176,266,480308,4395,91.50378507124596,553.8113044130016,475471,442
2020-07-11,Beni,4811,173,263,480308,4375,91.0873855942437,547.5653122579678,475497,436
2020-07-10,Beni,4794,171,259,480308,4364,90.85836588189245,539.2373227179227,475514,430
2020-07-09,Beni,4695,161,257,480308,4277,89.04702815693264,535.0733279479001,475613,418
2020-07-08,Beni,4611,159,251,480308,4201,87.46471014432406,522.5813436378324,475697,410
2020-07-07,Beni,4435,156,248,480308,4031,83.92531458980487,516.3353514827985,475873,404
2020-07-06,Beni,4332,152,244,480308,3936,81.94741707404415,508.0073619427534,475976,396
2020-07-05,Beni,4275,150,241,480308,3884,80.86477843383828,501.76136978771956,476033,391
2020-07-04,Beni,4275,150,239,480308,3886,80.90641838153851,497.597375017697,476033,389
2020-07-03,Beni,4265,149,236,480308,3880,80.78149853843783,491.3513828626631,476043,385
2020-07-02,Beni,4203,147,233,480308,3823,79.5947600289814,485.1053907076293,476105,380
2020-07-01,Beni,4173,136,232,480308,3805,79.22000049967937,483.023393322618,476135,368
2020-06-30,Beni,4119,131,230,480308,3758,78.24146172872406,478.8593985525954,476189,361
2020-06-29,Beni,4075,98,225,480308,3752,78.11654188562339,468.449411627539,476233,323
2020-06-28,Beni,4041,98,218,480308,3725,77.55440259167034,453.87542993246,476267,316
2020-06-27,Beni,3975,95,214,480308,3666,76.32602413451369,445.54744039241484,476333,309
2020-06-26,Beni,3934,88,212,480308,3634,75.65978497131007,441.3834456223923,476374,300
2020-06-25,Beni,3920,87,206,480308,3627,75.51404515435928,428.89146131232457,476388,293
2020-06-24,Beni,3887,80,203,480308,3604,75.0351857558067,422.64546915729073,476421,283
2020-06-23,Beni,3785,73,199,480308,3513,73.14056813544641,414.3174796172456,476523,272
2020-06-22,Beni,3679,65,191,480308,3423,71.26677048893626,397.66150053715535,476629,256
2020-06-21,Beni,3613,56,184,480308,3373,70.22577179643062,383.08751884207635,476695,240
2020-06-20,Beni,3581,56,178,480308,3347,69.68445247632769,370.5955345320086,476727,234
2020-06-19,Beni,3473,54,171,480308,3248,67.62327506516652,356.02155283692963,476835,225
2020-06-18,Beni,3326,53,167,480308,3106,64.6668387784505,347.6935632968845,476982,220
2020-06-17,Beni,3128,51,163,480308,2914,60.66940379922883,339.36557375683935,477180,214
2020-06-16,Beni,2994,48,163,480308,2783,57.94198722486404,339.36557375683935,477314,211
2020-06-15,Beni,2962,46,159,480308,2757,57.400667904761114,331.03758421679424,477346,205
2020-06-14,Beni,2954,46,152,480308,2756,57.379847930911,316.46360252171525,477354,198
2020-06-13,Beni,2944,46,148,480308,2750,57.25492808781032,308.1356129816701,477364,194
2020-06-12,Beni,2927,44,139,480308,2744,57.13000824470964,289.3976365165685,477381,183
2020-06-11,Beni,2809,35,137,480308,2637,54.90227104274757,285.23364174654597,477499,172
2020-06-10,Beni,2778,34,131,480308,2613,54.40259167034486,272.74165743647825,477530,165
2020-06-09,Beni,2692,26,126,480308,2540,52.88273357928662,262.33167051142186,477616,152
2020-06-08,Beni,2511,22,121,480308,2368,49.301698077067215,251.92168358636542,477797,143
2020-06-07,Beni,2511,22,121,480308,2368,49.301698077067215,251.92168358636542,477797,143
2020-06-06,Beni,2472,16,118,480308,2338,48.67709886156383,245.67569143133156,477836,134
2020-06-05,Beni,2428,15,114,480308,2299,47.86511988140943,237.34770189128642,477880,129
2020-06-04,Beni,2278,14,109,480308,2155,44.86704364699318,226.93771496623,478030,123
2020-06-03,Beni,2101,10,104,480308,1987,41.36928804017422,216.5277280411736,478207,114
2020-06-02,Beni,1965,8,98,480308,1859,38.70433138735978,204.03574373110587,478343,106
2020-06-01,Beni,1885,8,92,480308,1785,37.163653322451424,191.54375942103817,478423,100
2020-05-31,Beni,1809,8,92,480308,1709,35.58133530984285,191.54375942103817,478499,100
2020-05-30,Beni,1707,8,89,480308,1610,33.52015789868168,185.2977672660043,478601,97
2020-05-29,Beni,1576,8,86,480308,1482,30.855201245867235,179.05177511097045,478732,94
2020-05-28,Beni,1506,8,84,480308,1414,29.43944302405956,174.8877803409479,478802,92
2020-05-27,Beni,1355,8,80,480308,1267,26.378906868092972,166.55979080090276,478953,88
2020-05-26,Beni,1242,8,77,480308,1157,24.088709744580562,160.3137986458689,479066,85
2020-05-25,Beni,1142,7,72,480308,1063,22.13163220266995,149.90381172081248,479166,79
2020-05-24,Beni,1097,4,71,480308,1022,21.278013274815326,147.8218143358012,479211,75
2020-05-23,Beni,1097,4,67,480308,1026,21.361293170215777,139.49382479575607,479211,71
2020-05-22,Beni,1015,4,66,480308,945,19.67487528835664,137.41182741074476,479293,70
2020-05-21,Beni,902,4,57,480308,841,17.509598007944902,118.67385094564321,479406,61
2020-05-20,Beni,833,4,54,480308,775,16.135479733837453,112.42785879060936,479475,58
2020-05-19,Beni,679,4,47,480308,628,13.074943577870867,97.85387709553036,479629,51
2020-05-18,Beni,581,4,41,480308,536,11.159505983660484,85.36189278546266,479727,45
2020-05-17,Beni,551,4,40,480308,507,10.555726742007211,83.27989540045138,479757,44
2020-05-16,Beni,551,4,39,480308,508,10.576546715857324,81.19789801544009,479757,43
2020-05-15,Beni,548,4,39,480308,505,10.514086794306987,81.19789801544009,479760,43
2020-05-14,Beni,509,1,35,480308,473,9.847847631103376,72.86990847539495,479799,36
2020-05-13,Beni,436,1,29,480308,406,8.452909383145816,60.37792416532725,479872,30
2020-05-12,Beni,389,1,26,480308,362,7.53683053374085,54.1319320102934,479919,27
2020-05-11,Beni,389,1,25,480308,363,7.557650507590963,52.04993462528211,479919,26
2020-05-10,Beni,314,1,23,480308,290,6.037792416532725,47.885939855259544,479994,24
2020-05-09,Beni,312,1,23,480308,288,5.996152468832499,47.885939855259544,479996,24
2020-05-08,Beni,312,1,19,480308,292,6.07943236423295,39.557950315214406,479996,20
2020-05-07,Beni,231,0,16,480308,215,4.476294377774262,33.31195816018055,480077,16
2020-05-06,Beni,212,0,8,480308,204,4.24727466542302,16.655979080090276,480096,8
2020-05-05,Beni,212,0,7,480308,205,4.268094639273133,14.573981695078992,480096,7
2020-05-04,Beni,212,0,6,480308,206,4.288914613123246,12.491984310067707,480096,6
2020-05-03,Beni,212,0,6,480308,206,4.288914613123246,12.491984310067707,480096,6
2020-05-02,Beni,191,0,4,480308,187,3.893335109971102,8.327989540045138,480117,4
2020-05-01,Beni,83,0,1,480308,82,1.7072378557092531,2.0819973850112845,480225,1
2020-04-30,Beni,67,0,1,480308,66,1.3741182741074478,2.0819973850112845,480241,1
2020-04-29,Beni,67,0,1,480308,66,1.3741182741074478,2.0819973850112845,480241,1
2020-04-28,Beni,63,0,1,480308,62,1.2908383787069964,2.0819973850112845,480245,1
2020-04-27,Beni,62,0,1,480308,61,1.2700184048568834,2.0819973850112845,480246,1
2020-04-26,Beni,57,0,1,480308,56,1.1659185356063193,2.0819973850112845,480251,1
2020-04-25,Beni,39,0,1,480308,38,0.791159006304288,2.0819973850112845,480269,1
2020-04-24,Beni,33,0,1,480308,32,0.666239163203611,2.0819973850112845,480275,1
2020-04-23,Beni,2,0,1,480308,1,0.020819973850112843,2.0819973850112845,480306,1
2020-04-22,Beni,2,0,1,480308,1,0.020819973850112843,2.0819973850112845,480306,1
2020-04-21,Beni,2,0,1,480308,1,0.020819973850112843,2.0819973850112845,480306,1
2020-04-20,Beni,2,0,0,480308,2,0.04163994770022569,0.0,480306,0
2020-04-19,Beni,0,0,0,480308,0,0.0,0.0,480308,0
2020-04-18,Beni,0,0,0,480308,0,0.0,0.0,480308,0
2020-04-17,Beni,0,0,0,480308,0,0.0,0.0,480308,0
2020-04-16,Beni,0,0,0,480308,0,0.0,0.0,480308,0
2020-04-15,Beni,0,0,0,480308,0,0.0,0.0,480308,0
2020-04-14,Beni,0,0,0,480308,0,0.0,0.0,480308,0
2020-04-13,Beni,0,0,0,480308,0,0.0,0.0,480308,0
2020-04-12,Beni,0,0,0,480308,0,0.0,0.0,480308,0
2020-04-11,Beni,0,0,0,480308,0,0.0,0.0,480308,0
2020-04-10,Beni,0,0,0,480308,0,0.0,0.0,480308,0
2020-04-09,Beni,0,0,0,480308,0,0.0,0.0,480308,0
2020-04-08,Beni,0,0,0,480308,0,0.0,0.0,480308,0
2020-04-07,Beni,0,0,0,480308,0,0.0,0.0,480308,0
2020-04-06,Beni,0,0,0,480308,0,0.0,0.0,480308,0
2020-04-05,Beni,0,0,0,480308,0,0.0,0.0,480308,0
2020-04-04,Beni,0,0,0,480308,0,0.0,0.0,480308,0
2020-04-03,Beni,0,0,0,480308,0,0.0,0.0,480308,0
2020-04-02,Beni,0,0,0,480308,0,0.0,0.0,480308,0
2020-04-01,Beni,0,0,0,480308,0,0.0,0.0,480308,0
2020-03-31,Beni,0,0,0,480308,0,0.0,0.0,480308,0
2020-03-30,Beni,0,0,0,480308,0,0.0,0.0,480308,0
2020-03-29,Beni,0,0,0,480308,0,0.0,0.0,480308,0
2020-03-28,Beni,0,0,0,480308,0,0.0,0.0,480308,0
2020-03-27,Beni,0,0,0,480308,0,0.0,0.0,480308,0
2020-03-26,Beni,0,0,0,480308,0,0.0,0.0,480308,0
2020-03-25,Beni,0,0,0,480308,0,0.0,0.0,480308,0
2020-03-24,Beni,0,0,0,480308,0,0.0,0.0,480308,0
2020-03-23,Beni,0,0,0,480308,0,0.0,0.0,480308,0
2020-03-22,Beni,0,0,0,480308,0,0.0,0.0,480308,0
2020-03-21,Beni,0,0,0,480308,0,0.0,0.0,480308,0
2020-07-20,Pando,1212,86,98,154355,1028,66.59972142139873,634.9000680250073,153143,184
2020-07-19,Pando,1204,78,94,154355,1032,66.85886430630688,608.9857795341907,153151,172
2020-07-18,Pando,1178,78,94,154355,1006,65.17443555440381,608.9857795341907,153177,172
2020-07-17,Pando,1057,57,87,154355,913,59.14936348028895,563.6357746752616,153298,144
2020-07-16,Pando,1045,47,83,154355,915,59.27893492274303,537.721486184445,153310,130
2020-07-15,Pando,1045,40,78,154355,927,60.05636357746753,505.32862557092415,153310,118
2020-07-14,Pando,1045,37,69,154355,939,60.833792232192025,447.02147646658676,153310,106
2020-07-13,Pando,1045,19,65,154355,961,62.25907809918694,421.10718797577016,153310,84
2020-07-12,Pando,1045,14,57,154355,974,63.10129247513848,369.2786109941369,153310,71
2020-07-11,Pando,1026,14,56,154355,956,61.93514949305173,362.8000388714327,153329,70
2020-07-10,Pando,1026,14,56,154355,956,61.93514949305173,362.8000388714327,153329,70
2020-07-09,Pando,1026,14,54,154355,958,62.06472093550582,349.8428946260244,153329,68
2020-07-08,Pando,1026,14,54,154355,958,62.06472093550582,349.8428946260244,153329,68
2020-07-07,Pando,1026,14,54,154355,958,62.06472093550582,349.8428946260244,153329,68
2020-07-06,Pando,1006,14,54,154355,938,60.769006510964985,349.8428946260244,153349,68
2020-07-05,Pando,934,14,53,154355,867,56.16922030384503,343.3643225033203,153421,67
2020-07-04,Pando,808,14,53,154355,741,48.006219429237795,343.3643225033203,153547,67
2020-07-03,Pando,717,14,48,154355,655,42.43464740371222,310.9714618897995,153638,62
2020-07-02,Pando,713,14,47,154355,652,42.2402902400311,304.49288976709533,153642,61
2020-07-01,Pando,636,14,37,154355,585,37.89964691781931,239.70716854005377,153719,51
2020-06-30,Pando,568,14,27,154355,527,34.142075086650905,174.9214473130122,153787,41
2020-06-29,Pando,568,14,25,154355,529,34.271646529104984,161.9643030676039,153787,39
2020-06-28,Pando,567,14,25,154355,528,34.206860807877945,161.9643030676039,153788,39
2020-06-27,Pando,567,14,23,154355,530,34.336432250332024,149.00715882219558,153788,37
2020-06-26,Pando,562,14,22,154355,526,34.07728936542386,142.52858669949143,153793,36
2020-06-25,Pando,513,14,20,154355,479,31.03236046775291,129.57144245408313,153842,34
2020-06-24,Pando,507,14,18,154355,475,30.77321758284474,116.61429820867481,153848,32
2020-06-23,Pando,505,14,16,154355,475,30.77321758284474,103.6571539632665,153850,30
2020-06-22,Pando,496,14,16,154355,466,30.190146091801367,103.6571539632665,153859,30
2020-06-21,Pando,482,14,12,154355,456,29.54228887953095,77.74286547244988,153873,26
2020-06-20,Pando,476,14,12,154355,450,29.153574552168703,77.74286547244988,153879,26
2020-06-19,Pando,425,13,12,154355,400,25.914288490816624,77.74286547244988,153930,25
2020-06-18,Pando,409,13,12,154355,384,24.87771695118396,77.74286547244988,153946,25
2020-06-17,Pando,386,12,11,154355,363,23.517216805416087,71.26429334974571,153969,23
2020-06-16,Pando,315,12,8,154355,295,19.11178776197726,51.82857698163325,154040,20
2020-06-15,Pando,307,12,6,154355,289,18.72307343461501,38.87143273622494,154048,18
2020-06-14,Pando,286,12,6,154355,268,17.362573288847138,38.87143273622494,154069,18
2020-06-13,Pando,267,12,6,154355,249,16.131644585533348,38.87143273622494,154088,18
2020-06-12,Pando,238,12,6,154355,220,14.252858669949143,38.87143273622494,154117,18
2020-06-11,Pando,175,12,6,154355,157,10.171358232645526,38.87143273622494,154180,18
2020-06-10,Pando,130,12,4,154355,114,7.385572219882738,25.914288490816624,154225,16
2020-06-09,Pando,94,12,4,154355,78,5.053286255709241,25.914288490816624,154261,16
2020-06-08,Pando,65,12,3,154355,50,3.239286061352078,19.43571636811247,154290,15
2020-06-07,Pando,65,12,3,154355,50,3.239286061352078,19.43571636811247,154290,15
2020-06-06,Pando,47,11,2,154355,34,2.202714521719413,12.957144245408312,154308,13
2020-06-05,Pando,23,11,2,154355,10,0.6478572122704156,12.957144245408312,154332,13
2020-06-04,Pando,23,11,2,154355,10,0.6478572122704156,12.957144245408312,154332,13
2020-06-03,Pando,23,11,2,154355,10,0.6478572122704156,12.957144245408312,154332,13
2020-06-02,Pando,14,11,1,154355,2,0.1295714424540831,6.478572122704156,154341,12
2020-06-01,Pando,14,11,1,154355,2,0.1295714424540831,6.478572122704156,154341,12
2020-05-31,Pando,14,11,1,154355,2,0.1295714424540831,6.478572122704156,154341,12
2020-05-30,Pando,14,11,1,154355,2,0.1295714424540831,6.478572122704156,154341,12
2020-05-29,Pando,14,11,1,154355,2,0.1295714424540831,6.478572122704156,154341,12
2020-05-28,Pando,13,7,1,154355,5,0.3239286061352078,6.478572122704156,154342,8
2020-05-27,Pando,13,7,1,154355,5,0.3239286061352078,6.478572122704156,154342,8
2020-05-26,Pando,13,7,1,154355,5,0.3239286061352078,6.478572122704156,154342,8
2020-05-25,Pando,13,7,1,154355,5,0.3239286061352078,6.478572122704156,154342,8
2020-05-24,Pando,13,7,1,154355,5,0.3239286061352078,6.478572122704156,154342,8
2020-05-23,Pando,12,7,1,154355,4,0.2591428849081662,6.478572122704156,154343,8
2020-05-22,Pando,12,7,1,154355,4,0.2591428849081662,6.478572122704156,154343,8
2020-05-21,Pando,12,7,1,154355,4,0.2591428849081662,6.478572122704156,154343,8
2020-05-20,Pando,12,7,1,154355,4,0.2591428849081662,6.478572122704156,154343,8
2020-05-19,Pando,12,7,1,154355,4,0.2591428849081662,6.478572122704156,154343,8
2020-05-18,Pando,12,7,1,154355,4,0.2591428849081662,6.478572122704156,154343,8
2020-05-17,Pando,12,7,1,154355,4,0.2591428849081662,6.478572122704156,154343,8
2020-05-16,Pando,12,7,1,154355,4,0.2591428849081662,6.478572122704156,154343,8
2020-05-15,Pando,12,7,1,154355,4,0.2591428849081662,6.478572122704156,154343,8
2020-05-14,Pando,12,7,1,154355,4,0.2591428849081662,6.478572122704156,154343,8
2020-05-13,Pando,12,7,1,154355,4,0.2591428849081662,6.478572122704156,154343,8
2020-05-12,Pando,12,7,1,154355,4,0.2591428849081662,6.478572122704156,154343,8
2020-05-11,Pando,12,7,1,154355,4,0.2591428849081662,6.478572122704156,154343,8
2020-05-10,Pando,12,7,1,154355,4,0.2591428849081662,6.478572122704156,154343,8
2020-05-09,Pando,12,7,1,154355,4,0.2591428849081662,6.478572122704156,154343,8
2020-05-08,Pando,12,7,1,154355,4,0.2591428849081662,6.478572122704156,154343,8
2020-05-07,Pando,12,6,1,154355,5,0.3239286061352078,6.478572122704156,154343,7
2020-05-06,Pando,12,6,1,154355,5,0.3239286061352078,6.478572122704156,154343,7
2020-05-05,Pando,12,6,1,154355,5,0.3239286061352078,6.478572122704156,154343,7
2020-05-04,Pando,12,6,1,154355,5,0.3239286061352078,6.478572122704156,154343,7
2020-05-03,Pando,12,6,1,154355,5,0.3239286061352078,6.478572122704156,154343,7
2020-05-02,Pando,12,6,1,154355,5,0.3239286061352078,6.478572122704156,154343,7
2020-05-01,Pando,12,6,1,154355,5,0.3239286061352078,6.478572122704156,154343,7
2020-04-30,Pando,12,6,1,154355,5,0.3239286061352078,6.478572122704156,154343,7
2020-04-29,Pando,12,6,1,154355,5,0.3239286061352078,6.478572122704156,154343,7
2020-04-28,Pando,12,6,1,154355,5,0.3239286061352078,6.478572122704156,154343,7
2020-04-27,Pando,12,6,1,154355,5,0.3239286061352078,6.478572122704156,154343,7
2020-04-26,Pando,12,6,1,154355,5,0.3239286061352078,6.478572122704156,154343,7
2020-04-25,Pando,12,6,1,154355,5,0.3239286061352078,6.478572122704156,154343,7
2020-04-24,Pando,12,6,1,154355,5,0.3239286061352078,6.478572122704156,154343,7
2020-04-23,Pando,12,0,1,154355,11,0.7126429334974571,6.478572122704156,154343,1
2020-04-22,Pando,12,0,1,154355,11,0.7126429334974571,6.478572122704156,154343,1
2020-04-21,Pando,12,0,1,154355,11,0.7126429334974571,6.478572122704156,154343,1
2020-04-20,Pando,12,0,1,154355,11,0.7126429334974571,6.478572122704156,154343,1
2020-04-19,Pando,12,0,1,154355,11,0.7126429334974571,6.478572122704156,154343,1
2020-04-18,Pando,12,0,1,154355,11,0.7126429334974571,6.478572122704156,154343,1
2020-04-17,Pando,12,0,0,154355,12,0.7774286547244987,0.0,154343,0
2020-04-16,Pando,11,0,0,154355,11,0.7126429334974571,0.0,154344,0
2020-04-15,Pando,11,0,0,154355,11,0.7126429334974571,0.0,154344,0
2020-04-14,Pando,11,0,0,154355,11,0.7126429334974571,0.0,154344,0
2020-04-13,Pando,11,0,0,154355,11,0.7126429334974571,0.0,154344,0
2020-04-12,Pando,11,0,0,154355,11,0.7126429334974571,0.0,154344,0
2020-04-11,Pando,11,0,0,154355,11,0.7126429334974571,0.0,154344,0
2020-04-10,Pando,10,0,0,154355,10,0.6478572122704156,0.0,154345,0
2020-04-09,Pando,10,0,0,154355,10,0.6478572122704156,0.0,154345,0
2020-04-08,Pando,10,0,0,154355,10,0.6478572122704156,0.0,154345,0
2020-04-07,Pando,10,0,0,154355,10,0.6478572122704156,0.0,154345,0
2020-04-06,Pando,6,0,0,154355,6,0.38871432736224937,0.0,154349,0
2020-04-05,Pando,6,0,0,154355,6,0.38871432736224937,0.0,154349,0
2020-04-04,Pando,6,0,0,154355,6,0.38871432736224937,0.0,154349,0
2020-04-03,Pando,6,0,0,154355,6,0.38871432736224937,0.0,154349,0
2020-04-02,Pando,6,0,0,154355,6,0.38871432736224937,0.0,154349,0
2020-04-01,Pando,4,0,0,154355,4,0.2591428849081662,0.0,154351,0
2020-03-31,Pando,1,0,0,154355,1,0.06478572122704156,0.0,154354,0
2020-03-30,Pando,1,0,0,154355,1,0.06478572122704156,0.0,154354,0
2020-03-29,Pando,1,0,0,154355,1,0.06478572122704156,0.0,154354,0
2020-03-28,Pando,1,0,0,154355,1,0.06478572122704156,0.0,154354,0
2020-03-27,Pando,0,0,0,154355,0,0.0,0.0,154355,0
2020-03-26,Pando,0,0,0,154355,0,0.0,0.0,154355,0
2020-03-25,Pando,0,0,0,154355,0,0.0,0.0,154355,0
2020-03-24,Pando,0,0,0,154355,0,0.0,0.0,154355,0
2020-03-23,Pando,0,0,0,154355,0,0.0,0.0,154355,0
2020-03-22,Pando,0,0,0,154355,0,0.0,0.0,154355,0
2020-03-21,Pando,0,0,0,154355,0,0.0,0.0,154355,0
