utc_timestamp,wind_generation_actual,wind_capacity,temperature
2017-01-01 00:00:00+00:00,291760.0,37149.13,-2.117
2017-01-02 00:00:00+00:00,295097.0,37152.125,-1.154
2017-01-03 00:00:00+00:00,666170.0,37155.208,-0.239
2017-01-04 00:00:00+00:00,686581.0,37160.125,0.62
2017-01-05 00:00:00+00:00,261759.0,37163.542,-3.908
2017-01-06 00:00:00+00:00,115720.0,37176.208,-7.724
2017-01-07 00:00:00+00:00,252308.0,37181.0,-5.861
2017-01-08 00:00:00+00:00,41260.0,37181.25,-1.616
2017-01-09 00:00:00+00:00,190982.0,37187.458,-1.629
2017-01-10 00:00:00+00:00,280371.0,37198.458,-2.586
2017-01-11 00:00:00+00:00,637258.0,37209.667,-0.727
2017-01-12 00:00:00+00:00,584792.0,37225.375,1.425
2017-01-13 00:00:00+00:00,518614.0,37234.0,-0.231
2017-01-14 00:00:00+00:00,487188.0,37234.0,-0.738
2017-01-15 00:00:00+00:00,229770.0,37234.208,-2.331
2017-01-16 00:00:00+00:00,69211.0,37239.25,-4.995
2017-01-17 00:00:00+00:00,79360.0,37246.0,-6.056
2017-01-18 00:00:00+00:00,148835.0,37269.375,-6.832
2017-01-19 00:00:00+00:00,127989.0,37279.042,-6.843
2017-01-20 00:00:00+00:00,109379.0,37303.375,-5.269
2017-01-21 00:00:00+00:00,78896.0,37312.417,-4.74
2017-01-22 00:00:00+00:00,50770.0,37322.542,-6.362
2017-01-23 00:00:00+00:00,39708.0,37335.667,-6.339
2017-01-24 00:00:00+00:00,31375.0,37351.917,-4.964
2017-01-25 00:00:00+00:00,70771.0,37374.417,-5.516
2017-01-26 00:00:00+00:00,235128.0,37407.917,-5.183
2017-01-27 00:00:00+00:00,254272.0,37429.0,-4.477
2017-01-28 00:00:00+00:00,208800.0,37429.0,-3.29
2017-01-29 00:00:00+00:00,304954.0,37429.5,-0.69
2017-01-30 00:00:00+00:00,338288.0,37441.333,0.402
2017-01-31 00:00:00+00:00,124782.0,37449.667,-0.101
2017-02-01 00:00:00+00:00,221295.0,37465.625,-0.586
2017-02-02 00:00:00+00:00,254393.0,37480.75,1.655
2017-02-03 00:00:00+00:00,188035.0,37498.0,2.775
2017-02-04 00:00:00+00:00,211454.0,37498.25,2.529
2017-02-05 00:00:00+00:00,118329.0,37504.667,1.74
2017-02-06 00:00:00+00:00,152118.0,37520.292,0.192
2017-02-07 00:00:00+00:00,264514.0,37527.5,-0.467
2017-02-08 00:00:00+00:00,219680.0,37539.875,-1.916
2017-02-09 00:00:00+00:00,207537.0,37560.792,-3.184
2017-02-10 00:00:00+00:00,290957.0,37579.125,-2.467
2017-02-11 00:00:00+00:00,329649.0,37582.0,-0.959
2017-02-12 00:00:00+00:00,350274.0,37582.458,-0.893
2017-02-13 00:00:00+00:00,338184.0,37593.125,-1.107
2017-02-14 00:00:00+00:00,205086.0,37596.458,-0.422
2017-02-15 00:00:00+00:00,98877.0,37608.167,2.12
2017-02-16 00:00:00+00:00,282403.0,37636.167,3.702
2017-02-17 00:00:00+00:00,255286.0,37663.0,3.137
2017-02-18 00:00:00+00:00,160162.0,37663.25,2.587
2017-02-19 00:00:00+00:00,348513.0,37669.792,2.228
2017-02-20 00:00:00+00:00,648800.0,37688.875,5.28
2017-02-21 00:00:00+00:00,580921.0,37710.167,6.749
2017-02-22 00:00:00+00:00,826273.0,37738.0,7.353
2017-02-23 00:00:00+00:00,705405.0,37761.958,6.915
2017-02-24 00:00:00+00:00,522107.0,37784.375,2.206
2017-02-25 00:00:00+00:00,413770.0,37793.0,2.241
2017-02-26 00:00:00+00:00,545142.0,37794.458,5.047
2017-02-27 00:00:00+00:00,558406.0,37830.375,7.595
2017-02-28 00:00:00+00:00,602221.0,37885.0,4.232
2017-03-01 00:00:00+00:00,463548.0,37885.167,3.805
2017-03-02 00:00:00+00:00,640789.0,37889.167,4.735
2017-03-03 00:00:00+00:00,323881.0,37893.25,4.63
2017-03-04 00:00:00+00:00,253250.0,37899.25,7.565
2017-03-05 00:00:00+00:00,375784.0,37905.333,5.728
2017-03-06 00:00:00+00:00,244778.0,37913.333,4.165
2017-03-07 00:00:00+00:00,98965.0,37921.458,3.038
2017-03-08 00:00:00+00:00,362634.0,37932.292,3.658
2017-03-09 00:00:00+00:00,348589.0,37939.25,6.696
2017-03-10 00:00:00+00:00,301930.0,37945.208,4.873
2017-03-11 00:00:00+00:00,142767.0,37950.25,4.364
2017-03-12 00:00:00+00:00,322131.0,37956.125,3.7
2017-03-13 00:00:00+00:00,107995.0,37959.333,4.196
2017-03-14 00:00:00+00:00,282163.0,37967.292,6.6
2017-03-15 00:00:00+00:00,310125.0,37974.167,7.235
2017-03-16 00:00:00+00:00,235857.0,37978.417,7.654
2017-03-17 00:00:00+00:00,520783.0,37988.208,7.042
2017-03-18 00:00:00+00:00,666660.0,37993.25,6.253
2017-03-19 00:00:00+00:00,527129.0,37999.25,8.081
2017-03-20 00:00:00+00:00,540382.0,38005.583,9.241
2017-03-21 00:00:00+00:00,405314.0,38019.625,7.125
2017-03-22 00:00:00+00:00,168379.0,38035.042,5.15
2017-03-23 00:00:00+00:00,211125.0,38059.958,6.656
2017-03-24 00:00:00+00:00,152372.0,38082.375,6.482
2017-03-25 00:00:00+00:00,203031.0,38091.0,6.3
2017-03-26 00:00:00+00:00,79142.0,38092.167,6.311
2017-03-27 00:00:00+00:00,71217.0,38106.75,7.694
2017-03-28 00:00:00+00:00,111189.0,38128.833,10.284
2017-03-29 00:00:00+00:00,347694.0,38167.417,10.38
2017-03-30 00:00:00+00:00,213209.0,38254.083,12.413
2017-03-31 00:00:00+00:00,260810.0,38310.5,13.415
2017-04-01 00:00:00+00:00,82509.0,38316.5,12.607
2017-04-02 00:00:00+00:00,110511.0,38322.25,10.817
2017-04-03 00:00:00+00:00,58205.0,38325.5,9.252
2017-04-04 00:00:00+00:00,40668.0,38331.75,8.525
2017-04-05 00:00:00+00:00,333526.0,38341.583,7.948
2017-04-06 00:00:00+00:00,398402.0,38360.0,6.612
2017-04-07 00:00:00+00:00,404729.0,38371.5,7.747
2017-04-08 00:00:00+00:00,65959.0,38378.0,9.664
2017-04-09 00:00:00+00:00,96043.0,38390.583,12.103
2017-04-10 00:00:00+00:00,501671.0,38408.0,10.695
2017-04-11 00:00:00+00:00,363858.0,38408.917,7.487
2017-04-12 00:00:00+00:00,561134.0,38419.667,8.918
2017-04-13 00:00:00+00:00,470226.0,38428.0,8.265
2017-04-14 00:00:00+00:00,261473.0,38439.0,7.783
2017-04-15 00:00:00+00:00,537553.0,38439.5,7.711
2017-04-16 00:00:00+00:00,292343.0,38445.0,5.884
2017-04-17 00:00:00+00:00,211534.0,38445.5,4.863
2017-04-18 00:00:00+00:00,288261.0,38451.667,3.071
2017-04-19 00:00:00+00:00,164624.0,38461.333,1.878
2017-04-20 00:00:00+00:00,122121.0,38489.0,3.776
2017-04-21 00:00:00+00:00,447725.0,38511.417,7.29
2017-04-22 00:00:00+00:00,545894.0,38516.0,6.577
2017-04-23 00:00:00+00:00,393912.0,38516.75,4.993
2017-04-24 00:00:00+00:00,325096.0,38527.833,7.62
2017-04-25 00:00:00+00:00,241646.0,38560.417,6.295
2017-04-26 00:00:00+00:00,54224.0,38580.167,4.605
2017-04-27 00:00:00+00:00,119393.0,38631.833,4.867
2017-04-28 00:00:00+00:00,92231.0,38697.5,5.609
2017-04-29 00:00:00+00:00,109135.0,38715.083,6.497
2017-04-30 00:00:00+00:00,435488.0,38727.25,8.826
2017-05-01 00:00:00+00:00,440711.0,38730.0,8.326
2017-05-02 00:00:00+00:00,403337.0,38730.5,8.106
2017-05-03 00:00:00+00:00,312197.0,38737.417,9.628
2017-05-04 00:00:00+00:00,367414.0,38754.417,8.852
2017-05-05 00:00:00+00:00,147426.0,38770.5,9.058
2017-05-06 00:00:00+00:00,104874.0,38776.5,11.69
2017-05-07 00:00:00+00:00,102374.0,38782.25,11.844
2017-05-08 00:00:00+00:00,267935.0,38786.0,8.347
2017-05-09 00:00:00+00:00,77053.0,38797.75,7.125
2017-05-10 00:00:00+00:00,107245.0,38807.5,9.171
2017-05-11 00:00:00+00:00,199238.0,38827.5,13.241
2017-05-12 00:00:00+00:00,192297.0,38866.0,14.382
2017-05-13 00:00:00+00:00,77733.0,38866.5,14.918
2017-05-14 00:00:00+00:00,87588.0,38873.083,14.542
2017-05-15 00:00:00+00:00,71277.0,38886.417,14.466
2017-05-16 00:00:00+00:00,124899.0,38905.417,16.43
2017-05-17 00:00:00+00:00,187555.0,38945.75,18.653
2017-05-18 00:00:00+00:00,189878.0,38979.5,17.861
2017-05-19 00:00:00+00:00,215484.0,39019.083,14.728
2017-05-20 00:00:00+00:00,153794.0,39031.5,12.458
2017-05-21 00:00:00+00:00,72354.0,39038.667,14.065
2017-05-22 00:00:00+00:00,67127.0,39060.667,15.918
2017-05-23 00:00:00+00:00,237765.0,39103.333,16.941
2017-05-24 00:00:00+00:00,256284.0,39130.0,14.158
2017-05-25 00:00:00+00:00,150752.0,39143.083,15.039
2017-05-26 00:00:00+00:00,88714.0,39167.0,17.108
2017-05-27 00:00:00+00:00,209170.0,39178.0,19.467
2017-05-28 00:00:00+00:00,161906.0,39180.75,20.72
2017-05-29 00:00:00+00:00,55639.0,39214.667,22.122
2017-05-30 00:00:00+00:00,212498.0,39264.833,20.162
2017-05-31 00:00:00+00:00,304099.0,39373.5,17.253
2017-06-01 00:00:00+00:00,88552.0,39379.75,17.031
2017-06-02 00:00:00+00:00,50812.0,39388.0,19.422
2017-06-03 00:00:00+00:00,97750.0,39388.0,19.143
2017-06-04 00:00:00+00:00,231529.0,39388.5,15.787
2017-06-05 00:00:00+00:00,121557.0,39394.25,15.428
2017-06-06 00:00:00+00:00,452614.0,39397.0,14.83
2017-06-07 00:00:00+00:00,669215.0,39397.25,12.481
2017-06-08 00:00:00+00:00,282754.0,39400.833,15.527
2017-06-09 00:00:00+00:00,236119.0,39410.75,16.604
2017-06-10 00:00:00+00:00,89475.0,39419.0,17.043
2017-06-11 00:00:00+00:00,196269.0,39419.167,20.641
2017-06-12 00:00:00+00:00,508763.0,39422.0,17.798
2017-06-13 00:00:00+00:00,306512.0,39433.167,16.21
2017-06-14 00:00:00+00:00,67956.0,39436.0,17.502
2017-06-15 00:00:00+00:00,149845.0,39447.75,20.498
2017-06-16 00:00:00+00:00,481136.0,39456.25,16.912
2017-06-17 00:00:00+00:00,252583.0,39459.0,16.168
2017-06-18 00:00:00+00:00,45996.0,39459.167,19.327
2017-06-19 00:00:00+00:00,31185.0,39461.75,22.524
2017-06-20 00:00:00+00:00,148476.0,39470.583,22.865
2017-06-21 00:00:00+00:00,53052.0,39480.0,21.218
2017-06-22 00:00:00+00:00,272140.0,39514.333,23.085
2017-06-23 00:00:00+00:00,427695.0,39529.0,20.286
2017-06-24 00:00:00+00:00,378219.0,39529.0,18.963
2017-06-25 00:00:00+00:00,346376.0,39531.083,18.554
2017-06-26 00:00:00+00:00,216416.0,39556.167,18.932
2017-06-27 00:00:00+00:00,97722.0,39583.333,18.504
2017-06-28 00:00:00+00:00,254199.0,39626.333,19.135
2017-06-29 00:00:00+00:00,193696.0,39704.833,17.055
2017-06-30 00:00:00+00:00,379305.0,39802.5,16.29
2017-07-01 00:00:00+00:00,326424.0,39808.0,15.763
2017-07-02 00:00:00+00:00,312885.0,39808.0,15.735
2017-07-03 00:00:00+00:00,274606.0,39808.0,16.783
2017-07-04 00:00:00+00:00,172133.0,39808.583,18.089
2017-07-05 00:00:00+00:00,33865.0,39815.0,19.81
2017-07-06 00:00:00+00:00,51187.0,39815.5,22.014
2017-07-07 00:00:00+00:00,123188.0,39821.0,22.004
2017-07-08 00:00:00+00:00,132110.0,39821.0,21.413
2017-07-09 00:00:00+00:00,49087.0,39821.833,20.576
2017-07-10 00:00:00+00:00,85881.0,39832.333,19.569
2017-07-11 00:00:00+00:00,172820.0,39848.75,18.114
2017-07-12 00:00:00+00:00,353671.0,39869.333,16.563
2017-07-13 00:00:00+00:00,183808.0,39885.917,15.457
2017-07-14 00:00:00+00:00,85725.0,39907.25,16.341
2017-07-15 00:00:00+00:00,81751.0,39910.75,15.895
2017-07-16 00:00:00+00:00,160913.0,39919.25,18.222
2017-07-17 00:00:00+00:00,98540.0,39922.75,19.098
2017-07-18 00:00:00+00:00,79390.0,39932.0,20.387
2017-07-19 00:00:00+00:00,234005.0,39945.75,23.002
2017-07-20 00:00:00+00:00,163699.0,39978.333,20.501
2017-07-21 00:00:00+00:00,110595.0,40004.25,20.195
2017-07-22 00:00:00+00:00,166011.0,40007.0,20.883
2017-07-23 00:00:00+00:00,207803.0,40008.167,18.125
2017-07-24 00:00:00+00:00,85818.0,40023.083,15.713
2017-07-25 00:00:00+00:00,289621.0,40049.25,14.616
2017-07-26 00:00:00+00:00,248694.0,40089.333,16.076
2017-07-27 00:00:00+00:00,176047.0,40143.333,17.181
2017-07-28 00:00:00+00:00,287307.0,40213.917,17.072
2017-07-29 00:00:00+00:00,293624.0,40225.167,19.722
2017-07-30 00:00:00+00:00,327095.0,40242.167,21.611
2017-07-31 00:00:00+00:00,125194.0,40288.833,20.973
2017-08-01 00:00:00+00:00,100078.0,40298.0,21.36
2017-08-02 00:00:00+00:00,103491.0,40298.417,20.93
2017-08-03 00:00:00+00:00,402364.0,40303.0,21.525
2017-08-04 00:00:00+00:00,455380.0,40303.0,19.737
2017-08-05 00:00:00+00:00,232880.0,40303.0,18.367
2017-08-06 00:00:00+00:00,168418.0,40303.0,16.519
2017-08-07 00:00:00+00:00,123846.0,40304.0,17.998
2017-08-08 00:00:00+00:00,247468.0,40315.833,18.359
2017-08-09 00:00:00+00:00,208820.0,40326.333,18.011
2017-08-10 00:00:00+00:00,100274.0,40341.333,16.289
2017-08-11 00:00:00+00:00,108575.0,40346.333,14.753
2017-08-12 00:00:00+00:00,305906.0,40361.0,15.342
2017-08-13 00:00:00+00:00,101263.0,40361.25,16.609
2017-08-14 00:00:00+00:00,136418.0,40365.083,18.427
2017-08-15 00:00:00+00:00,182062.0,40378.25,20.711
2017-08-16 00:00:00+00:00,68591.0,40393.833,19.274
2017-08-17 00:00:00+00:00,207759.0,40415.167,19.839
2017-08-18 00:00:00+00:00,190790.0,40428.583,19.022
2017-08-19 00:00:00+00:00,362034.0,40435.0,15.404
2017-08-20 00:00:00+00:00,314055.0,40435.5,14.424
2017-08-21 00:00:00+00:00,211871.0,40441.917,15.157
2017-08-22 00:00:00+00:00,87145.0,40453.583,15.645
2017-08-23 00:00:00+00:00,83430.0,40473.583,17.579
2017-08-24 00:00:00+00:00,188631.0,40503.167,18.356
2017-08-25 00:00:00+00:00,84579.0,40516.333,19.113
2017-08-26 00:00:00+00:00,51278.0,40520.5,20.14
2017-08-27 00:00:00+00:00,130054.0,40526.5,18.854
2017-08-28 00:00:00+00:00,45221.0,40534.167,18.938
2017-08-29 00:00:00+00:00,98155.0,40561.917,20.751
2017-08-30 00:00:00+00:00,190434.0,40608.417,21.566
2017-08-31 00:00:00+00:00,208496.0,40647.167,17.007
2017-09-01 00:00:00+00:00,34230.0,40660.417,14.006
2017-09-02 00:00:00+00:00,37368.0,40665.833,12.999
2017-09-03 00:00:00+00:00,26176.0,40676.083,13.438
2017-09-04 00:00:00+00:00,81042.0,40689.75,14.697
2017-09-05 00:00:00+00:00,107605.0,40710.417,17.145
2017-09-06 00:00:00+00:00,409909.0,40726.917,16.057
2017-09-07 00:00:00+00:00,328329.0,40739.667,13.986
2017-09-08 00:00:00+00:00,516672.0,40769.167,13.931
2017-09-09 00:00:00+00:00,276055.0,40771.0,13.844
2017-09-10 00:00:00+00:00,307770.0,40771.917,13.336
2017-09-11 00:00:00+00:00,576260.0,40782.917,13.438
2017-09-12 00:00:00+00:00,460805.0,40793.917,12.688
2017-09-13 00:00:00+00:00,761748.0,40805.0,13.654
2017-09-14 00:00:00+00:00,633356.0,40819.833,11.868
2017-09-15 00:00:00+00:00,316345.0,40862.833,11.349
2017-09-16 00:00:00+00:00,68909.0,40872.25,10.454
2017-09-17 00:00:00+00:00,25429.0,40875.5,10.61
2017-09-18 00:00:00+00:00,55374.0,40884.167,10.298
2017-09-19 00:00:00+00:00,86278.0,40922.667,10.474
2017-09-20 00:00:00+00:00,137562.0,40964.5,10.905
2017-09-21 00:00:00+00:00,45207.0,40983.0,12.086
2017-09-22 00:00:00+00:00,16482.0,41006.083,13.05
2017-09-23 00:00:00+00:00,28876.0,41018.5,13.081
2017-09-24 00:00:00+00:00,53473.0,41028.583,13.065
2017-09-25 00:00:00+00:00,104589.0,41082.417,12.732
2017-09-26 00:00:00+00:00,139097.0,41124.167,13.02
2017-09-27 00:00:00+00:00,144546.0,41178.583,13.839
2017-09-28 00:00:00+00:00,132504.0,41283.917,14.763
2017-09-29 00:00:00+00:00,177384.0,41407.583,15.96
2017-09-30 00:00:00+00:00,198304.0,41447.0,14.196
2017-10-01 00:00:00+00:00,218240.0,41447.25,11.631
2017-10-02 00:00:00+00:00,574756.0,41450.0,12.96
2017-10-03 00:00:00+00:00,459133.0,41450.0,11.662
2017-10-04 00:00:00+00:00,642752.0,41450.0,10.588
2017-10-05 00:00:00+00:00,742247.0,41450.5,10.756
2017-10-06 00:00:00+00:00,580860.0,41456.0,9.048
2017-10-07 00:00:00+00:00,646636.0,41456.0,9.424
2017-10-08 00:00:00+00:00,302850.0,41456.25,9.961
2017-10-09 00:00:00+00:00,164782.0,41459.0,9.161
2017-10-10 00:00:00+00:00,331486.0,41459.417,11.132
2017-10-11 00:00:00+00:00,521617.0,41464.25,12.777
2017-10-12 00:00:00+00:00,616932.0,41467.583,12.106
2017-10-13 00:00:00+00:00,297711.0,41474.25,12.648
2017-10-14 00:00:00+00:00,293480.0,41477.0,14.315
2017-10-15 00:00:00+00:00,224279.0,41477.25,13.941
2017-10-16 00:00:00+00:00,251438.0,41480.583,14.808
2017-10-17 00:00:00+00:00,260015.0,41487.417,14.253
2017-10-18 00:00:00+00:00,64254.0,41492.667,12.798
2017-10-19 00:00:00+00:00,160673.0,41501.417,12.784
2017-10-20 00:00:00+00:00,351582.0,41517.25,12.363
2017-10-21 00:00:00+00:00,285417.0,41520.0,11.676
2017-10-22 00:00:00+00:00,424765.0,41520.0,8.834
2017-10-23 00:00:00+00:00,258994.0,41520.417,8.526
2017-10-24 00:00:00+00:00,290403.0,41525.333,10.969
2017-10-25 00:00:00+00:00,454958.0,41530.833,12.635
2017-10-26 00:00:00+00:00,327707.0,41551.917,11.602
2017-10-27 00:00:00+00:00,528190.0,41562.25,9.523
2017-10-28 00:00:00+00:00,819820.0,41565.25,8.441
2017-10-29 00:00:00+00:00,720109.0,41568.0,8.108
2017-10-30 00:00:00+00:00,407048.0,41568.125,5.063
2017-10-31 00:00:00+00:00,256958.0,41571.0,5.615
2017-11-01 00:00:00+00:00,420446.0,41571.375,7.992
2017-11-02 00:00:00+00:00,336744.0,41580.708,8.555
2017-11-03 00:00:00+00:00,115926.0,41597.167,7.538
2017-11-04 00:00:00+00:00,309378.0,41601.208,8.249
2017-11-05 00:00:00+00:00,259370.0,41606.333,7.202
2017-11-06 00:00:00+00:00,98415.0,41614.583,4.497
2017-11-07 00:00:00+00:00,148783.0,41628.875,4.272
2017-11-08 00:00:00+00:00,62667.0,41650.0,5.312
2017-11-09 00:00:00+00:00,210486.0,41673.708,5.322
2017-11-10 00:00:00+00:00,627817.0,41690.0,5.185
2017-11-11 00:00:00+00:00,530921.0,41690.208,4.522
2017-11-12 00:00:00+00:00,235424.0,41695.292,3.348
2017-11-13 00:00:00+00:00,205070.0,41702.25,2.895
2017-11-14 00:00:00+00:00,294483.0,41709.042,2.71
2017-11-15 00:00:00+00:00,98028.0,41734.042,3.859
2017-11-16 00:00:00+00:00,179490.0,41759.583,3.422
2017-11-17 00:00:00+00:00,204464.0,41796.333,3.228
2017-11-18 00:00:00+00:00,606664.0,41804.0,2.638
2017-11-19 00:00:00+00:00,721237.0,41804.625,3.116
2017-11-20 00:00:00+00:00,380285.0,41819.417,2.515
2017-11-21 00:00:00+00:00,318593.0,41830.292,5.692
2017-11-22 00:00:00+00:00,588235.0,41860.917,6.446
2017-11-23 00:00:00+00:00,730725.0,41883.292,7.445
2017-11-24 00:00:00+00:00,313086.0,41913.5,7.122
2017-11-25 00:00:00+00:00,238671.0,41925.583,3.458
2017-11-26 00:00:00+00:00,599329.0,41939.792,1.653
2017-11-27 00:00:00+00:00,743280.0,41959.042,2.517
2017-11-28 00:00:00+00:00,514932.0,41983.542,2.921
2017-11-29 00:00:00+00:00,99654.0,41997.0,0.805
2017-11-30 00:00:00+00:00,66388.0,42021.667,-0.171
2017-12-01 00:00:00+00:00,52324.0,42060.75,-0.778
2017-12-02 00:00:00+00:00,126273.0,42078.208,-1.598
2017-12-03 00:00:00+00:00,387488.0,42084.292,-1.074
2017-12-04 00:00:00+00:00,479800.0,42114.708,1.545
2017-12-05 00:00:00+00:00,611486.0,42132.292,2.761
2017-12-06 00:00:00+00:00,632499.0,42163.0,2.68
2017-12-07 00:00:00+00:00,743722.0,42188.083,1.532
2017-12-08 00:00:00+00:00,652825.0,42236.125,1.313
2017-12-09 00:00:00+00:00,712318.0,42239.0,-0.912
2017-12-10 00:00:00+00:00,622944.0,42240.583,-0.501
2017-12-11 00:00:00+00:00,415106.0,42277.875,1.579
2017-12-12 00:00:00+00:00,590097.0,42299.208,0.438
2017-12-13 00:00:00+00:00,721539.0,42328.5,0.106
2017-12-14 00:00:00+00:00,666438.0,42364.125,1.912
2017-12-15 00:00:00+00:00,176421.0,42390.125,0.834
2017-12-16 00:00:00+00:00,277392.0,42393.25,0.371
2017-12-17 00:00:00+00:00,250721.0,42399.333,-0.397
2017-12-18 00:00:00+00:00,134841.0,42408.292,-0.948
2017-12-19 00:00:00+00:00,99098.0,42440.792,0.24
2017-12-20 00:00:00+00:00,90882.0,42507.917,1.634
2017-12-21 00:00:00+00:00,259038.0,42577.167,3.45
2017-12-22 00:00:00+00:00,228772.0,42627.417,4.033
2017-12-23 00:00:00+00:00,748074.0,42637.125,5.266
2017-12-24 00:00:00+00:00,812420.0,42640.0,5.674
2017-12-25 00:00:00+00:00,587810.0,42640.125,3.599
2017-12-26 00:00:00+00:00,717450.0,42643.917,2.639
2017-12-27 00:00:00+00:00,394505.0,42668.167,1.951
2017-12-28 00:00:00+00:00,506423.0,42745.0,0.806
2017-12-29 00:00:00+00:00,584277.0,42837.625,-0.335
2017-12-30 00:00:00+00:00,721245.0,42852.458,3.999
2017-12-31 00:00:00+00:00,721172.0,42863.0,7.996
2018-01-01 00:00:00+00:00,680095.0,42863.0,4.838
2018-01-02 00:00:00+00:00,472798.0,42863.0,3.335
2018-01-03 00:00:00+00:00,937882.0,42863.0,5.367
2018-01-04 00:00:00+00:00,591315.0,42863.0,5.793
2018-01-05 00:00:00+00:00,526593.0,42863.208,6.224
2018-01-06 00:00:00+00:00,203896.0,42868.0,4.784
2018-01-07 00:00:00+00:00,389480.0,42868.0,1.434
2018-01-08 00:00:00+00:00,557074.0,42868.292,0.848
2018-01-09 00:00:00+00:00,519081.0,42875.292,2.817
2018-01-10 00:00:00+00:00,148126.0,42882.5,3.391
2018-01-11 00:00:00+00:00,35784.0,42894.25,2.602
2018-01-12 00:00:00+00:00,132627.0,42900.0,1.668
2018-01-13 00:00:00+00:00,336296.0,42900.0,0.457
2018-01-14 00:00:00+00:00,396861.0,42900.167,-1.265
2018-01-15 00:00:00+00:00,742827.0,42904.292,0.579
2018-01-16 00:00:00+00:00,673261.0,42911.208,2.98
2018-01-17 00:00:00+00:00,661151.0,42916.25,1.036
2018-01-18 00:00:00+00:00,684235.0,42922.458,2.446
2018-01-19 00:00:00+00:00,297655.0,42933.0,1.113
2018-01-20 00:00:00+00:00,205317.0,42933.0,0.289
2018-01-21 00:00:00+00:00,109088.0,42933.292,-0.562
2018-01-22 00:00:00+00:00,313943.0,42941.25,1.204
2018-01-23 00:00:00+00:00,394519.0,42970.292,3.021
2018-01-24 00:00:00+00:00,761971.0,42977.417,6.846
2018-01-25 00:00:00+00:00,394296.0,42987.125,6.238
2018-01-26 00:00:00+00:00,50691.0,42990.0,4.407
2018-01-27 00:00:00+00:00,314429.0,42990.0,3.619
2018-01-28 00:00:00+00:00,841002.0,42991.5,5.433
2018-01-29 00:00:00+00:00,899632.0,43026.958,6.967
2018-01-30 00:00:00+00:00,467717.0,43050.667,3.438
2018-01-31 00:00:00+00:00,705576.0,43089.333,4.618
2018-02-01 00:00:00+00:00,522149.0,43097.792,1.424
2018-02-02 00:00:00+00:00,351065.0,43116.0,0.806
2018-02-03 00:00:00+00:00,112228.0,43116.0,-0.281
2018-02-04 00:00:00+00:00,252417.0,43116.292,-1.527
2018-02-05 00:00:00+00:00,202820.0,43123.75,-1.948
2018-02-06 00:00:00+00:00,93384.0,43141.292,-2.496
2018-02-07 00:00:00+00:00,56454.0,43148.625,-2.683
2018-02-08 00:00:00+00:00,91859.0,43164.125,-3.076
2018-02-09 00:00:00+00:00,209042.0,43191.042,-2.6
2018-02-10 00:00:00+00:00,171106.0,43215.0,-1.078
2018-02-11 00:00:00+00:00,625419.0,43215.625,0.164
2018-02-12 00:00:00+00:00,463910.0,43230.583,-0.438
2018-02-13 00:00:00+00:00,259054.0,43244.667,-1.91
2018-02-14 00:00:00+00:00,325599.0,43261.667,-2.58
2018-02-15 00:00:00+00:00,506319.0,43300.542,-0.534
2018-02-16 00:00:00+00:00,328201.0,43313.0,1.166
2018-02-17 00:00:00+00:00,72441.0,43313.0,-0.407
2018-02-18 00:00:00+00:00,125794.0,43313.333,-0.912
2018-02-19 00:00:00+00:00,59739.0,43321.292,-1.033
2018-02-20 00:00:00+00:00,109402.0,43328.583,-1.351
2018-02-21 00:00:00+00:00,153066.0,43343.0,-1.907
2018-02-22 00:00:00+00:00,261194.0,43367.375,-2.446
2018-02-23 00:00:00+00:00,360330.0,43399.0,-3.653
2018-02-24 00:00:00+00:00,585218.0,43399.0,-4.062
2018-02-25 00:00:00+00:00,350782.0,43399.375,-6.357
2018-02-26 00:00:00+00:00,398252.0,43408.875,-7.201
2018-02-27 00:00:00+00:00,337614.0,43431.75,-8.147
2018-02-28 00:00:00+00:00,571612.0,43495.5,-9.363
2018-03-01 00:00:00+00:00,727976.0,43508.25,-7.523
2018-03-02 00:00:00+00:00,528622.0,43537.5,-6.25
2018-03-03 00:00:00+00:00,426261.0,43549.25,-3.74
2018-03-04 00:00:00+00:00,407408.0,43555.417,0.248
2018-03-05 00:00:00+00:00,293805.0,43565.5,2.719
2018-03-06 00:00:00+00:00,137892.0,43578.167,2.19
2018-03-07 00:00:00+00:00,160869.0,43609.5,2.589
2018-03-08 00:00:00+00:00,482952.0,43714.667,3.514
2018-03-09 00:00:00+00:00,357414.0,43753.125,4.177
2018-03-10 00:00:00+00:00,295619.0,43756.0,6.869
2018-03-11 00:00:00+00:00,243889.0,43756.25,7.991
2018-03-12 00:00:00+00:00,205671.0,43762.542,6.948
2018-03-13 00:00:00+00:00,426653.0,43776.042,5.238
2018-03-14 00:00:00+00:00,155294.0,43803.0,3.279
2018-03-15 00:00:00+00:00,646695.0,43872.833,3.615
2018-03-16 00:00:00+00:00,589078.0,43892.0,2.468
2018-03-17 00:00:00+00:00,798877.0,43892.0,-1.936
2018-03-18 00:00:00+00:00,745651.0,43894.167,-3.292
2018-03-19 00:00:00+00:00,242753.0,43945.708,-3.117
2018-03-20 00:00:00+00:00,338624.0,43988.125,-1.459
2018-03-21 00:00:00+00:00,207313.0,44064.333,-0.433
2018-03-22 00:00:00+00:00,398658.0,44166.792,0.884
2018-03-23 00:00:00+00:00,99297.0,44231.542,2.431
2018-03-24 00:00:00+00:00,70626.0,44244.0,3.185
2018-03-25 00:00:00+00:00,39301.0,44249.333,4.472
2018-03-26 00:00:00+00:00,62850.0,44317.417,3.811
2018-03-27 00:00:00+00:00,134081.0,44435.667,3.921
2018-03-28 00:00:00+00:00,448007.0,44610.75,4.91
2018-03-29 00:00:00+00:00,344249.0,44764.917,3.802
2018-03-30 00:00:00+00:00,349948.0,44800.667,5.495
2018-03-31 00:00:00+00:00,291433.0,44841.0,4.391
2018-04-01 00:00:00+00:00,370937.0,44841.0,3.144
2018-04-02 00:00:00+00:00,243806.0,44841.0,5.791
2018-04-03 00:00:00+00:00,414041.0,44841.0,11.057
2018-04-04 00:00:00+00:00,355585.0,44841.0,10.74
2018-04-05 00:00:00+00:00,638640.0,44841.0,7.023
2018-04-06 00:00:00+00:00,336817.0,44841.0,5.846
2018-04-07 00:00:00+00:00,431217.0,44841.0,10.275
2018-04-08 00:00:00+00:00,160398.0,44841.0,12.733
2018-04-09 00:00:00+00:00,167152.0,44841.0,13.069
2018-04-10 00:00:00+00:00,423244.0,44842.167,12.519
2018-04-11 00:00:00+00:00,413064.0,44855.5,10.764
2018-04-12 00:00:00+00:00,477532.0,44861.0,12.523
2018-04-13 00:00:00+00:00,312741.0,44861.0,11.292
2018-04-14 00:00:00+00:00,242158.0,44861.0,11.378
2018-04-15 00:00:00+00:00,65382.0,44861.0,12.832
2018-04-16 00:00:00+00:00,81003.0,44861.0,12.038
2018-04-17 00:00:00+00:00,99979.0,44861.5,13.286
2018-04-18 00:00:00+00:00,110034.0,44867.667,15.236
2018-04-19 00:00:00+00:00,206800.0,44876.417,16.163
2018-04-20 00:00:00+00:00,183985.0,44892.0,17.344
2018-04-21 00:00:00+00:00,87213.0,44892.0,15.712
2018-04-22 00:00:00+00:00,185255.0,44893.333,16.944
2018-04-23 00:00:00+00:00,392314.0,44908.417,14.294
2018-04-24 00:00:00+00:00,376996.0,44913.0,11.912
2018-04-25 00:00:00+00:00,525327.0,44913.5,12.196
2018-04-26 00:00:00+00:00,453042.0,44921.417,8.857
2018-04-27 00:00:00+00:00,166315.0,44948.0,10.836
2018-04-28 00:00:00+00:00,167368.0,44948.0,12.766
2018-04-29 00:00:00+00:00,230286.0,44948.667,15.211
2018-04-30 00:00:00+00:00,616202.0,44956.0,12.784
2018-05-01 00:00:00+00:00,556564.0,44956.0,8.762
2018-05-02 00:00:00+00:00,205695.0,44956.5,10.756
2018-05-03 00:00:00+00:00,186463.0,44962.0,11.482
2018-05-04 00:00:00+00:00,158183.0,44962.0,11.983
2018-05-05 00:00:00+00:00,210907.0,44962.0,13.105
2018-05-06 00:00:00+00:00,232488.0,44962.417,14.351
2018-05-07 00:00:00+00:00,237968.0,44967.0,15.444
2018-05-08 00:00:00+00:00,308091.0,44967.0,16.464
2018-05-09 00:00:00+00:00,217018.0,44967.0,17.494
2018-05-10 00:00:00+00:00,246078.0,44967.5,14.515
2018-05-11 00:00:00+00:00,68851.0,44973.0,13.753
2018-05-12 00:00:00+00:00,167849.0,44973.0,16.567
2018-05-13 00:00:00+00:00,334973.0,44973.0,16.277
2018-05-14 00:00:00+00:00,345478.0,44974.0,16.207
2018-05-15 00:00:00+00:00,185883.0,44985.667,14.719
2018-05-16 00:00:00+00:00,261642.0,44993.75,13.819
2018-05-17 00:00:00+00:00,399395.0,45004.917,12.356
2018-05-18 00:00:00+00:00,117074.0,45037.0,11.795
2018-05-19 00:00:00+00:00,62943.0,45037.0,12.728
2018-05-20 00:00:00+00:00,276301.0,45037.0,14.405
2018-05-21 00:00:00+00:00,381295.0,45037.083,16.222
2018-05-22 00:00:00+00:00,166440.0,45039.0,16.913
2018-05-23 00:00:00+00:00,251241.0,45050.583,16.962
2018-05-24 00:00:00+00:00,341783.0,45058.75,16.986
2018-05-25 00:00:00+00:00,256954.0,45078.75,18.2
2018-05-26 00:00:00+00:00,128442.0,45087.0,19.28
2018-05-27 00:00:00+00:00,175478.0,45088.583,19.627
2018-05-28 00:00:00+00:00,177523.0,45106.667,21.321
2018-05-29 00:00:00+00:00,284520.0,45115.25,21.275
2018-05-30 00:00:00+00:00,102768.0,45130.25,21.133
2018-05-31 00:00:00+00:00,122405.0,45145.333,21.668
2018-06-01 00:00:00+00:00,130080.0,45160.0,19.621
2018-06-02 00:00:00+00:00,102280.0,45160.0,18.299
2018-06-03 00:00:00+00:00,50282.0,45161.083,19.161
2018-06-04 00:00:00+00:00,119869.0,45175.25,19.719
2018-06-05 00:00:00+00:00,101162.0,45202.583,18.802
2018-06-06 00:00:00+00:00,217474.0,45232.667,19.446
2018-06-07 00:00:00+00:00,129058.0,45251.667,20.312
2018-06-08 00:00:00+00:00,80923.0,45259.667,20.752
2018-06-09 00:00:00+00:00,83637.0,45267.0,21.18
2018-06-10 00:00:00+00:00,112464.0,45270.5,20.156
2018-06-11 00:00:00+00:00,186893.0,45310.917,18.625
2018-06-12 00:00:00+00:00,218306.0,45336.0,16.129
2018-06-13 00:00:00+00:00,214736.0,45383.333,14.114
2018-06-14 00:00:00+00:00,208822.0,45424.0,15.773
2018-06-15 00:00:00+00:00,36661.0,45469.75,17.382
2018-06-16 00:00:00+00:00,71934.0,45489.0,19.026
2018-06-17 00:00:00+00:00,211532.0,45495.167,17.317
2018-06-18 00:00:00+00:00,204361.0,45565.5,17.522
2018-06-19 00:00:00+00:00,201530.0,45595.75,18.839
2018-06-20 00:00:00+00:00,196791.0,45628.75,21.287
2018-06-21 00:00:00+00:00,524114.0,45667.25,16.689
2018-06-22 00:00:00+00:00,573718.0,45758.0,12.433
2018-06-23 00:00:00+00:00,466822.0,45758.0,13.114
2018-06-24 00:00:00+00:00,226841.0,45760.917,14.013
2018-06-25 00:00:00+00:00,197642.0,45794.667,15.93
2018-06-26 00:00:00+00:00,94463.0,45816.333,16.763
2018-06-27 00:00:00+00:00,143649.0,45859.083,17.965
2018-06-28 00:00:00+00:00,206433.0,45935.333,18.94
2018-06-29 00:00:00+00:00,201327.0,46040.333,20.404
2018-06-30 00:00:00+00:00,250023.0,46066.583,19.301
2018-07-01 00:00:00+00:00,279723.0,46073.0,17.408
2018-07-02 00:00:00+00:00,140805.0,46073.0,18.044
2018-07-03 00:00:00+00:00,82021.0,46073.25,19.934
2018-07-04 00:00:00+00:00,43893.0,46076.0,21.03
2018-07-05 00:00:00+00:00,144743.0,46077.0,20.269
2018-07-06 00:00:00+00:00,296642.0,46088.0,18.649
2018-07-07 00:00:00+00:00,294703.0,46089.0,18.474
2018-07-08 00:00:00+00:00,163116.0,46100.5,18.766
2018-07-09 00:00:00+00:00,290652.0,46106.0,18.406
2018-07-10 00:00:00+00:00,171349.0,46106.417,15.909
2018-07-11 00:00:00+00:00,120450.0,46111.583,16.107
2018-07-12 00:00:00+00:00,161337.0,46118.0,18.444
2018-07-13 00:00:00+00:00,138913.0,46118.0,19.785
2018-07-14 00:00:00+00:00,88859.0,46118.0,20.095
2018-07-15 00:00:00+00:00,61068.0,46119.0,20.409
2018-07-16 00:00:00+00:00,48543.0,46130.0,20.964
2018-07-17 00:00:00+00:00,134185.0,46130.0,21.821
2018-07-18 00:00:00+00:00,225995.0,46130.5,20.493
2018-07-19 00:00:00+00:00,118917.0,46136.0,20.627
2018-07-20 00:00:00+00:00,81533.0,46137.5,21.753
2018-07-21 00:00:00+00:00,77848.0,46154.0,20.862
2018-07-22 00:00:00+00:00,74934.0,46154.0,20.352
2018-07-23 00:00:00+00:00,43249.0,46154.0,21.93
2018-07-24 00:00:00+00:00,35798.0,46155.333,24.546
2018-07-25 00:00:00+00:00,77376.0,46170.667,25.729
2018-07-26 00:00:00+00:00,162671.0,46178.0,25.878
2018-07-27 00:00:00+00:00,240112.0,46178.5,25.576
2018-07-28 00:00:00+00:00,236218.0,46184.0,23.474
2018-07-29 00:00:00+00:00,136959.0,46185.0,22.891
2018-07-30 00:00:00+00:00,103104.0,46197.0,26.033
2018-07-31 00:00:00+00:00,136422.0,46208.0,26.46
2018-08-01 00:00:00+00:00,93655.0,46208.667,24.511
2018-08-02 00:00:00+00:00,80175.0,46216.0,24.56
2018-08-03 00:00:00+00:00,66133.0,46218.083,26.115
2018-08-04 00:00:00+00:00,118048.0,46242.417,25.934
2018-08-05 00:00:00+00:00,197024.0,46259.75,22.601
2018-08-06 00:00:00+00:00,86471.0,46280.5,23.736
2018-08-07 00:00:00+00:00,147077.0,46298.417,26.183
2018-08-08 00:00:00+00:00,286166.0,46316.417,24.458
2018-08-09 00:00:00+00:00,299829.0,46343.5,23.428
2018-08-10 00:00:00+00:00,419369.0,46349.0,18.551
2018-08-11 00:00:00+00:00,398533.0,46349.0,17.612
2018-08-12 00:00:00+00:00,132097.0,46349.0,20.133
2018-08-13 00:00:00+00:00,176321.0,46350.833,19.788
2018-08-14 00:00:00+00:00,299390.0,46371.0,19.204
2018-08-15 00:00:00+00:00,115651.0,46372.417,19.839
2018-08-16 00:00:00+00:00,159090.0,46390.75,21.847
2018-08-17 00:00:00+00:00,123020.0,46422.417,21.238
2018-08-18 00:00:00+00:00,156670.0,46438.0,20.274
2018-08-19 00:00:00+00:00,184448.0,46439.417,21.634
2018-08-20 00:00:00+00:00,170463.0,46455.0,21.271
2018-08-21 00:00:00+00:00,50278.0,46456.75,21.084
2018-08-22 00:00:00+00:00,90934.0,46476.417,23.109
2018-08-23 00:00:00+00:00,150369.0,46482.0,22.808
2018-08-24 00:00:00+00:00,327214.0,46495.75,17.918
2018-08-25 00:00:00+00:00,297177.0,46529.083,13.858
2018-08-26 00:00:00+00:00,225923.0,46564.833,14.285
2018-08-27 00:00:00+00:00,507705.0,46585.0,16.677
2018-08-28 00:00:00+00:00,93993.0,46585.0,17.83
2018-08-29 00:00:00+00:00,183378.0,46585.5,19.806
2018-08-30 00:00:00+00:00,331214.0,46594.75,16.575
2018-08-31 00:00:00+00:00,155550.0,46636.0,14.628
2018-09-01 00:00:00+00:00,98256.0,46636.0,15.024
2018-09-02 00:00:00+00:00,170535.0,46638.5,16.044
2018-09-03 00:00:00+00:00,167508.0,46668.75,18.277
2018-09-04 00:00:00+00:00,83124.0,46701.083,19.006
2018-09-05 00:00:00+00:00,78247.0,46727.5,19.627
2018-09-06 00:00:00+00:00,116157.0,46769.583,18.59
2018-09-07 00:00:00+00:00,218439.0,46809.0,16.107
2018-09-08 00:00:00+00:00,275988.0,46810.333,15.311
2018-09-09 00:00:00+00:00,155097.0,46829.0,17.408
2018-09-10 00:00:00+00:00,180278.0,46874.917,17.974
2018-09-11 00:00:00+00:00,434884.0,46896.167,19.033
2018-09-12 00:00:00+00:00,213161.0,46902.333,19.007
2018-09-13 00:00:00+00:00,61174.0,46952.083,15.878
2018-09-14 00:00:00+00:00,146249.0,46978.5,15.45
2018-09-15 00:00:00+00:00,233765.0,47021.0,15.037
2018-09-16 00:00:00+00:00,178312.0,47069.833,16.324
2018-09-17 00:00:00+00:00,128750.0,47127.833,18.384
2018-09-18 00:00:00+00:00,357165.0,47183.25,20.458
2018-09-19 00:00:00+00:00,342514.0,47215.167,20.553
2018-09-20 00:00:00+00:00,329209.0,47300.0,20.365
2018-09-21 00:00:00+00:00,734188.0,47366.0,17.129
2018-09-22 00:00:00+00:00,541044.0,47367.75,12.526
2018-09-23 00:00:00+00:00,382635.0,47388.75,11.991
2018-09-24 00:00:00+00:00,598468.0,47412.083,9.127
2018-09-25 00:00:00+00:00,188186.0,47460.167,8.714
2018-09-26 00:00:00+00:00,492550.0,47498.75,10.722
2018-09-27 00:00:00+00:00,314308.0,47547.417,14.563
2018-09-28 00:00:00+00:00,358931.0,47633.167,11.791
2018-09-29 00:00:00+00:00,207025.0,47683.25,9.43
2018-09-30 00:00:00+00:00,195832.0,47730.0,10.554
2018-10-01 00:00:00+00:00,342987.0,47730.0,8.635
2018-10-02 00:00:00+00:00,704392.0,47730.5,7.788
2018-10-03 00:00:00+00:00,591732.0,47736.583,10.696
2018-10-04 00:00:00+00:00,218138.0,47747.917,11.001
2018-10-05 00:00:00+00:00,221463.0,47803.0,12.909
2018-10-06 00:00:00+00:00,183958.0,47816.083,14.854
2018-10-07 00:00:00+00:00,211960.0,47843.667,11.938
2018-10-08 00:00:00+00:00,198023.0,47900.25,11.447
2018-10-09 00:00:00+00:00,168321.0,47959.417,13.028
2018-10-10 00:00:00+00:00,271049.0,47978.667,14.482
2018-10-11 00:00:00+00:00,378196.0,48021.083,15.291
2018-10-12 00:00:00+00:00,326377.0,48046.083,17.106
2018-10-13 00:00:00+00:00,365327.0,48070.0,17.127
2018-10-14 00:00:00+00:00,400267.0,48082.083,16.004
2018-10-15 00:00:00+00:00,153490.0,48096.083,16.111
2018-10-16 00:00:00+00:00,52173.0,48119.0,15.513
2018-10-17 00:00:00+00:00,50383.0,48120.0,14.691
2018-10-18 00:00:00+00:00,157001.0,48131.0,12.599
2018-10-19 00:00:00+00:00,49804.0,48131.0,10.636
2018-10-20 00:00:00+00:00,116323.0,48132.083,9.428
2018-10-21 00:00:00+00:00,149356.0,48146.667,9.099
2018-10-22 00:00:00+00:00,338290.0,48177.417,8.08
2018-10-23 00:00:00+00:00,864205.0,48193.25,8.852
2018-10-24 00:00:00+00:00,661105.0,48196.5,10.768
2018-10-25 00:00:00+00:00,576144.0,48203.333,10.481
2018-10-26 00:00:00+00:00,429065.0,48218.0,8.885
2018-10-27 00:00:00+00:00,358255.0,48218.0,5.633
2018-10-28 00:00:00+00:00,466233.0,48218.5,3.328
2018-10-29 00:00:00+00:00,572823.0,48230.0,4.243
2018-10-30 00:00:00+00:00,728078.0,48230.125,6.377
2018-10-31 00:00:00+00:00,438147.0,48233.667,6.743
2018-11-01 00:00:00+00:00,298990.0,48249.0,7.11
2018-11-02 00:00:00+00:00,317434.0,48249.0,7.362
2018-11-03 00:00:00+00:00,166184.0,48249.0,5.838
2018-11-04 00:00:00+00:00,188301.0,48249.0,7.844
2018-11-05 00:00:00+00:00,210980.0,48249.0,9.22
2018-11-06 00:00:00+00:00,243394.0,48249.0,10.046
2018-11-07 00:00:00+00:00,272715.0,48249.667,10.011
2018-11-08 00:00:00+00:00,174120.0,48266.042,8.881
2018-11-09 00:00:00+00:00,242364.0,48290.0,8.709
2018-11-10 00:00:00+00:00,491683.0,48290.0,9.085
2018-11-11 00:00:00+00:00,529950.0,48290.333,9.948
2018-11-12 00:00:00+00:00,316067.0,48298.708,10.624
2018-11-13 00:00:00+00:00,485892.0,48315.375,8.775
2018-11-14 00:00:00+00:00,234607.0,48324.25,6.301
2018-11-15 00:00:00+00:00,187340.0,48330.292,4.616
2018-11-16 00:00:00+00:00,368873.0,48337.0,3.434
2018-11-17 00:00:00+00:00,447435.0,48337.0,1.666
2018-11-18 00:00:00+00:00,366328.0,48337.833,0.43
2018-11-19 00:00:00+00:00,673502.0,48357.0,1.518
2018-11-20 00:00:00+00:00,732443.0,48357.542,0.43
2018-11-21 00:00:00+00:00,396548.0,48370.542,0.145
2018-11-22 00:00:00+00:00,186748.0,48383.292,0.497
2018-11-23 00:00:00+00:00,98342.0,48390.833,1.062
2018-11-24 00:00:00+00:00,107988.0,48410.5,1.916
2018-11-25 00:00:00+00:00,178695.0,48422.458,2.715
2018-11-26 00:00:00+00:00,240903.0,48433.5,2.17
2018-11-27 00:00:00+00:00,147985.0,48445.875,-0.244
2018-11-28 00:00:00+00:00,534632.0,48466.375,-0.179
2018-11-29 00:00:00+00:00,655101.0,48475.75,2.078
2018-11-30 00:00:00+00:00,447276.0,48493.5,3.491
2018-12-01 00:00:00+00:00,454201.0,48505.5,4.329
2018-12-02 00:00:00+00:00,648286.0,48517.792,7.055
2018-12-03 00:00:00+00:00,609178.0,48536.0,9.711
2018-12-04 00:00:00+00:00,487258.0,48537.208,4.847
2018-12-05 00:00:00+00:00,346902.0,48566.583,2.522
2018-12-06 00:00:00+00:00,500778.0,48603.167,6.437
2018-12-07 00:00:00+00:00,787334.0,48607.0,8.662
2018-12-08 00:00:00+00:00,998899.0,48607.0,5.803
2018-12-09 00:00:00+00:00,888048.0,48607.417,5.918
2018-12-10 00:00:00+00:00,842063.0,48618.125,3.17
2018-12-11 00:00:00+00:00,476052.0,48645.125,1.782
2018-12-12 00:00:00+00:00,167250.0,48673.167,0.482
2018-12-13 00:00:00+00:00,263039.0,48723.458,-1.074
2018-12-14 00:00:00+00:00,165798.0,48734.125,-1.861
2018-12-15 00:00:00+00:00,283693.0,48737.0,-2.376
2018-12-16 00:00:00+00:00,294833.0,48737.375,-1.506
2018-12-17 00:00:00+00:00,193625.0,48746.792,0.857
2018-12-18 00:00:00+00:00,343368.0,48766.542,1.115
2018-12-19 00:00:00+00:00,457762.0,48802.833,1.499
2018-12-20 00:00:00+00:00,378972.0,48823.292,3.271
2018-12-21 00:00:00+00:00,754430.0,48854.125,6.137
2018-12-22 00:00:00+00:00,519328.0,48880.0,6.774
2018-12-23 00:00:00+00:00,405051.0,48880.0,5.964
2018-12-24 00:00:00+00:00,356747.0,48880.0,2.208
2018-12-25 00:00:00+00:00,552750.0,48880.0,0.891
2018-12-26 00:00:00+00:00,403203.0,48880.5,0.671
2018-12-27 00:00:00+00:00,282809.0,48893.208,1.185
2018-12-28 00:00:00+00:00,228763.0,48922.75,0.832
2018-12-29 00:00:00+00:00,533095.0,48963.167,2.093
2018-12-30 00:00:00+00:00,565673.0,48967.292,3.889
2018-12-31 00:00:00+00:00,245130.0,48974.0,4.517
2019-01-01 00:00:00+00:00,815236.0,48974.0,4.291
2019-01-02 00:00:00+00:00,666610.0,48974.0,0.286
2019-01-03 00:00:00+00:00,288820.0,48974.0,-1.023
2019-01-04 00:00:00+00:00,550139.0,48974.0,0.625
2019-01-05 00:00:00+00:00,595733.0,48974.0,3.266
2019-01-06 00:00:00+00:00,245990.0,48974.0,2.542
2019-01-07 00:00:00+00:00,465916.0,48974.292,2.475
2019-01-08 00:00:00+00:00,962242.0,48981.333,3.388
2019-01-09 00:00:00+00:00,760415.0,48989.0,0.81
2019-01-10 00:00:00+00:00,172918.0,48989.0,-1.524
2019-01-11 00:00:00+00:00,510712.0,48989.0,0.408
2019-01-12 00:00:00+00:00,731114.0,48989.0,2.873
2019-01-13 00:00:00+00:00,907162.0,48989.292,4.613
2019-01-14 00:00:00+00:00,829824.0,48996.0,1.895
2019-01-15 00:00:00+00:00,829469.0,48996.292,1.938
2019-01-16 00:00:00+00:00,728908.0,49003.292,2.457
2019-01-17 00:00:00+00:00,737765.0,49010.167,2.133
2019-01-18 00:00:00+00:00,238374.0,49014.0,-1.636
2019-01-19 00:00:00+00:00,135330.0,49014.0,-3.009
2019-01-20 00:00:00+00:00,59278.0,49014.0,-3.784
2019-01-21 00:00:00+00:00,133394.0,49014.0,-4.363
2019-01-22 00:00:00+00:00,297140.0,49014.0,-4.931
2019-01-23 00:00:00+00:00,161608.0,49014.167,-5.313
2019-01-24 00:00:00+00:00,48158.0,49018.292,-5.294
2019-01-25 00:00:00+00:00,199919.0,49025.0,-3.813
2019-01-26 00:00:00+00:00,507316.0,49025.25,1.201
2019-01-27 00:00:00+00:00,578109.0,49031.0,2.084
2019-01-28 00:00:00+00:00,495927.0,49031.167,0.539
2019-01-29 00:00:00+00:00,345600.0,49035.125,-1.155
2019-01-30 00:00:00+00:00,445385.0,49038.167,-1.635
2019-01-31 00:00:00+00:00,251022.0,49042.083,-2.179
2019-02-01 00:00:00+00:00,340526.0,49044.417,-0.479
2019-02-02 00:00:00+00:00,117691.0,49054.25,0.03
2019-02-03 00:00:00+00:00,292185.0,49060.292,-0.791
2019-02-04 00:00:00+00:00,493660.0,49067.25,-1.357
2019-02-05 00:00:00+00:00,351172.0,49073.25,-0.959
2019-02-06 00:00:00+00:00,362081.0,49079.167,-0.917
2019-02-07 00:00:00+00:00,617208.0,49083.0,0.66
2019-02-08 00:00:00+00:00,782350.0,49083.0,2.818
2019-02-09 00:00:00+00:00,927505.0,49083.0,4.296
2019-02-10 00:00:00+00:00,793495.0,49083.0,4.178
2019-02-11 00:00:00+00:00,790925.0,49083.125,2.198
2019-02-12 00:00:00+00:00,464461.0,49086.0,0.996
2019-02-13 00:00:00+00:00,458152.0,49086.125,2.206
2019-02-14 00:00:00+00:00,184359.0,49089.0,2.798
2019-02-15 00:00:00+00:00,216372.0,49089.0,3.462
2019-02-16 00:00:00+00:00,373375.0,49089.0,4.121
2019-02-17 00:00:00+00:00,218992.0,49089.167,4.704
2019-02-18 00:00:00+00:00,259182.0,49093.083,4.884
2019-02-19 00:00:00+00:00,578830.0,49095.0,4.484
2019-02-20 00:00:00+00:00,366915.0,49095.0,4.415
2019-02-21 00:00:00+00:00,412844.0,49095.0,5.786
2019-02-22 00:00:00+00:00,237050.0,49095.25,4.952
2019-02-23 00:00:00+00:00,211989.0,49101.0,0.99
2019-02-24 00:00:00+00:00,99880.0,49101.0,3.041
2019-02-25 00:00:00+00:00,117978.0,49101.0,5.401
2019-02-26 00:00:00+00:00,80395.0,49101.125,6.778
2019-02-27 00:00:00+00:00,201884.0,49104.167,7.261
2019-02-28 00:00:00+00:00,424526.0,49108.0,6.719
2019-03-01 00:00:00+00:00,209802.0,49108.0,5.467
2019-03-02 00:00:00+00:00,279257.0,49108.0,4.973
2019-03-03 00:00:00+00:00,845935.0,49108.25,7.757
2019-03-04 00:00:00+00:00,944428.0,49114.25,7.219
2019-03-05 00:00:00+00:00,734927.0,49120.25,4.619
2019-03-06 00:00:00+00:00,609521.0,49126.0,6.99
2019-03-07 00:00:00+00:00,865265.0,49126.208,8.039
2019-03-08 00:00:00+00:00,794143.0,49131.0,5.835
2019-03-09 00:00:00+00:00,925108.0,49131.0,6.948
2019-03-10 00:00:00+00:00,536965.0,49131.25,5.962
2019-03-11 00:00:00+00:00,637039.0,49137.125,2.549
2019-03-12 00:00:00+00:00,704672.0,49140.167,4.071
2019-03-13 00:00:00+00:00,954652.0,49144.458,4.839
2019-03-14 00:00:00+00:00,891204.0,49155.25,4.64
2019-03-15 00:00:00+00:00,917489.0,49161.0,6.964
2019-03-16 00:00:00+00:00,781855.0,49161.0,7.655
2019-03-17 00:00:00+00:00,775324.0,49161.0,6.46
2019-03-18 00:00:00+00:00,704190.0,49161.0,3.505
2019-03-19 00:00:00+00:00,197478.0,49161.208,3.372
2019-03-20 00:00:00+00:00,247775.0,49166.0,5.223
2019-03-21 00:00:00+00:00,217272.0,49166.25,7.567
2019-03-22 00:00:00+00:00,120366.0,49172.0,9.273
2019-03-23 00:00:00+00:00,189999.0,49172.25,8.179
2019-03-24 00:00:00+00:00,193375.0,49178.25,6.547
2019-03-25 00:00:00+00:00,583691.0,49184.0,4.068
2019-03-26 00:00:00+00:00,452286.0,49184.417,4.52
2019-03-27 00:00:00+00:00,244070.0,49194.0,5.811
2019-03-28 00:00:00+00:00,112574.0,49194.125,7.447
2019-03-29 00:00:00+00:00,144999.0,49197.0,8.964
2019-03-30 00:00:00+00:00,158476.0,49197.25,10.111
2019-03-31 00:00:00+00:00,268339.0,49203.0,8.118
2019-04-01 00:00:00+00:00,321033.0,49203.0,6.675
2019-04-02 00:00:00+00:00,440387.0,49203.167,9.174
2019-04-03 00:00:00+00:00,184057.0,49205.0,8.742
2019-04-04 00:00:00+00:00,159442.0,49205.5,6.624
2019-04-05 00:00:00+00:00,120302.0,49211.0,6.938
2019-04-06 00:00:00+00:00,195131.0,49211.0,10.18
2019-04-07 00:00:00+00:00,162788.0,49211.75,10.915
2019-04-08 00:00:00+00:00,224523.0,49220.333,10.449
2019-04-09 00:00:00+00:00,289901.0,49224.0,8.385
2019-04-10 00:00:00+00:00,306573.0,49224.0,6.028
2019-04-11 00:00:00+00:00,222908.0,49224.0,4.241
2019-04-12 00:00:00+00:00,198175.0,49224.5,2.907
2019-04-13 00:00:00+00:00,284338.0,49230.0,2.544
2019-04-14 00:00:00+00:00,321990.0,49230.0,3.896
2019-04-15 00:00:00+00:00,390903.0,49230.833,7.138
2019-04-16 00:00:00+00:00,427714.0,49240.583,8.847
2019-04-17 00:00:00+00:00,397092.0,49247.5,10.481
2019-04-18 00:00:00+00:00,473276.0,49253.5,11.957
2019-04-19 00:00:00+00:00,314901.0,49259.0,13.091
2019-04-20 00:00:00+00:00,173459.0,49259.0,12.928
2019-04-21 00:00:00+00:00,155975.0,49259.0,13.065
2019-04-22 00:00:00+00:00,530864.0,49259.25,13.024
2019-04-23 00:00:00+00:00,746865.0,49262.0,13.571
2019-04-24 00:00:00+00:00,507702.0,49262.5,15.285
2019-04-25 00:00:00+00:00,331059.0,49268.0,14.347
2019-04-26 00:00:00+00:00,271997.0,49268.5,11.023
2019-04-27 00:00:00+00:00,264574.0,49274.0,9.356
2019-04-28 00:00:00+00:00,111830.0,49274.333,7.772
2019-04-29 00:00:00+00:00,272055.0,49278.5,8.433
2019-04-30 00:00:00+00:00,171326.0,49284.5,10.288
2019-05-01 00:00:00+00:00,293091.0,49290.833,11.035
2019-05-02 00:00:00+00:00,461567.0,49300.0,10.416
2019-05-03 00:00:00+00:00,399749.0,49300.0,8.246
2019-05-04 00:00:00+00:00,315492.0,49300.0,4.853
2019-05-05 00:00:00+00:00,254683.0,49300.0,5.043
2019-05-06 00:00:00+00:00,334601.0,49300.0,6.072
2019-05-07 00:00:00+00:00,123719.0,49300.833,7.707
2019-05-08 00:00:00+00:00,357841.0,49310.0,9.41
2019-05-09 00:00:00+00:00,242036.0,49310.5,10.976
2019-05-10 00:00:00+00:00,210855.0,49316.0,10.592
2019-05-11 00:00:00+00:00,283707.0,49316.5,9.425
2019-05-12 00:00:00+00:00,392396.0,49322.833,8.226
2019-05-13 00:00:00+00:00,279418.0,49332.5,8.427
2019-05-14 00:00:00+00:00,247098.0,49338.25,8.101
2019-05-15 00:00:00+00:00,234941.0,49341.5,8.306
2019-05-16 00:00:00+00:00,280754.0,49347.0,8.764
2019-05-17 00:00:00+00:00,178238.0,49347.0,11.81
2019-05-18 00:00:00+00:00,148217.0,49347.0,14.411
2019-05-19 00:00:00+00:00,138904.0,49347.75,15.574
2019-05-20 00:00:00+00:00,205137.0,49356.0,14.689
2019-05-21 00:00:00+00:00,390410.0,49356.0,13.183
2019-05-22 00:00:00+00:00,388666.0,49356.333,12.329
2019-05-23 00:00:00+00:00,122623.0,49360.333,14.113
2019-05-24 00:00:00+00:00,208090.0,49364.0,15.654
2019-05-25 00:00:00+00:00,153902.0,49364.0,13.854
2019-05-26 00:00:00+00:00,405935.0,49364.0,15.169
2019-05-27 00:00:00+00:00,304433.0,49364.0,15.265
2019-05-28 00:00:00+00:00,149028.0,49364.0,12.219
2019-05-29 00:00:00+00:00,125506.0,49364.0,11.631
2019-05-30 00:00:00+00:00,388595.0,49364.25,14.507
2019-05-31 00:00:00+00:00,179213.0,49367.25,17.245
2019-06-01 00:00:00+00:00,136516.0,49370.0,19.338
2019-06-02 00:00:00+00:00,210616.0,49370.0,21.483
2019-06-03 00:00:00+00:00,197486.0,49370.0,20.7
2019-06-04 00:00:00+00:00,198393.0,49370.0,21.01
2019-06-05 00:00:00+00:00,247345.0,49370.0,22.459
2019-06-06 00:00:00+00:00,327275.0,49370.333,16.073
2019-06-07 00:00:00+00:00,289973.0,49374.0,17.085
2019-06-08 00:00:00+00:00,605201.0,49374.0,15.245
2019-06-09 00:00:00+00:00,188553.0,49374.0,16.826
2019-06-10 00:00:00+00:00,231303.0,49374.0,18.108
2019-06-11 00:00:00+00:00,143383.0,49374.333,18.027
2019-06-12 00:00:00+00:00,204670.0,49378.25,17.713
2019-06-13 00:00:00+00:00,258648.0,49381.5,17.458
2019-06-14 00:00:00+00:00,200298.0,49387.0,19.883
2019-06-15 00:00:00+00:00,335147.0,49387.0,19.694
2019-06-16 00:00:00+00:00,104870.0,49387.0,17.519
2019-06-17 00:00:00+00:00,92916.0,49387.583,19.713
2019-06-18 00:00:00+00:00,115712.0,49394.25,22.096
2019-06-19 00:00:00+00:00,151594.0,49397.0,22.754
2019-06-20 00:00:00+00:00,142811.0,49397.0,19.18
2019-06-21 00:00:00+00:00,96732.0,49397.0,17.857
2019-06-22 00:00:00+00:00,171441.0,49397.0,18.313
2019-06-23 00:00:00+00:00,267935.0,49397.583,20.632
2019-06-24 00:00:00+00:00,340003.0,49404.333,22.768
2019-06-25 00:00:00+00:00,190841.0,49408.0,25.59
2019-06-26 00:00:00+00:00,298542.0,49408.583,26.141
2019-06-27 00:00:00+00:00,330624.0,49415.25,20.672
2019-06-28 00:00:00+00:00,80230.0,49418.0,19.148
2019-06-29 00:00:00+00:00,79540.0,49418.0,22.549
2019-06-30 00:00:00+00:00,345206.0,49418.0,24.837
2019-07-01 00:00:00+00:00,396995.0,49418.583,21.581
2019-07-02 00:00:00+00:00,386518.0,49425.0,18.055
2019-07-03 00:00:00+00:00,282551.0,49425.0,16.955
2019-07-04 00:00:00+00:00,304510.0,49425.333,17.844
2019-07-05 00:00:00+00:00,278918.0,49429.0,19.863
2019-07-06 00:00:00+00:00,366462.0,49429.0,20.19
2019-07-07 00:00:00+00:00,378087.0,49429.0,16.274
2019-07-08 00:00:00+00:00,266305.0,49429.0,14.771
2019-07-09 00:00:00+00:00,238587.0,49429.0,14.692
2019-07-10 00:00:00+00:00,118626.0,49429.25,16.509
2019-07-11 00:00:00+00:00,53297.0,49432.0,16.816
2019-07-12 00:00:00+00:00,97028.0,49432.0,17.729
2019-07-13 00:00:00+00:00,201586.0,49432.0,17.075
2019-07-14 00:00:00+00:00,141909.0,49432.583,16.244
2019-07-15 00:00:00+00:00,210862.0,49439.917,16.48
2019-07-16 00:00:00+00:00,231153.0,49450.25,16.915
2019-07-17 00:00:00+00:00,35904.0,49453.583,18.255
2019-07-18 00:00:00+00:00,76878.0,49460.833,20.25
2019-07-19 00:00:00+00:00,82800.0,49470.583,20.345
2019-07-20 00:00:00+00:00,254011.0,49477.0,22.392
2019-07-21 00:00:00+00:00,262424.0,49477.417,20.74
2019-07-22 00:00:00+00:00,166669.0,49482.333,21.724
2019-07-23 00:00:00+00:00,72210.0,49486.0,24.762
2019-07-24 00:00:00+00:00,147222.0,49486.0,27.303
2019-07-25 00:00:00+00:00,168464.0,49487.167,28.241
2019-07-26 00:00:00+00:00,366560.0,49500.75,27.037
2019-07-27 00:00:00+00:00,419840.0,49509.0,22.509
2019-07-28 00:00:00+00:00,215974.0,49509.667,21.086
2019-07-29 00:00:00+00:00,96878.0,49519.25,21.186
2019-07-30 00:00:00+00:00,87212.0,49545.0,22.558
2019-07-31 00:00:00+00:00,147509.0,49557.333,19.695
2019-08-01 00:00:00+00:00,58950.0,49573.25,19.737
2019-08-02 00:00:00+00:00,63762.0,49588.25,19.766
2019-08-03 00:00:00+00:00,95067.0,49603.333,18.683
2019-08-04 00:00:00+00:00,54081.0,49619.25,20.356
2019-08-05 00:00:00+00:00,110075.0,49634.333,21.396
2019-08-06 00:00:00+00:00,151993.0,49649.667,20.93
2019-08-07 00:00:00+00:00,201030.0,49657.0,18.918
2019-08-08 00:00:00+00:00,319845.0,49658.25,19.526
2019-08-09 00:00:00+00:00,203195.0,49672.0,22.186
2019-08-10 00:00:00+00:00,588611.0,49672.0,20.93
2019-08-11 00:00:00+00:00,367728.0,49672.667,19.795
2019-08-12 00:00:00+00:00,257923.0,49681.25,17.559
2019-08-13 00:00:00+00:00,256403.0,49696.083,15.74
2019-08-14 00:00:00+00:00,175848.0,49708.5,16.262
2019-08-15 00:00:00+00:00,391677.0,49714.667,16.613
2019-08-16 00:00:00+00:00,211247.0,49722.5,17.623
2019-08-17 00:00:00+00:00,391408.0,49729.333,18.441
2019-08-18 00:00:00+00:00,271479.0,49744.583,19.977
2019-08-19 00:00:00+00:00,289031.0,49752.167,18.278
2019-08-20 00:00:00+00:00,145164.0,49765.583,16.531
2019-08-21 00:00:00+00:00,73960.0,49773.167,16.66
2019-08-22 00:00:00+00:00,147064.0,49787.0,18.593
2019-08-23 00:00:00+00:00,96738.0,49798.583,19.866
2019-08-24 00:00:00+00:00,169462.0,49805.583,21.565
2019-08-25 00:00:00+00:00,124353.0,49812.0,23.402
2019-08-26 00:00:00+00:00,75862.0,49812.583,24.187
2019-08-27 00:00:00+00:00,98092.0,49819.0,24.355
2019-08-28 00:00:00+00:00,93916.0,49820.833,24.179
2019-08-29 00:00:00+00:00,97589.0,49842.333,21.934
2019-08-30 00:00:00+00:00,60118.0,49857.667,21.619
2019-08-31 00:00:00+00:00,162761.0,49865.0,23.707
2019-09-01 00:00:00+00:00,248769.0,49866.25,19.117
2019-09-02 00:00:00+00:00,204608.0,49880.917,15.659
2019-09-03 00:00:00+00:00,323468.0,49891.25,16.544
2019-09-04 00:00:00+00:00,303173.0,49894.583,17.608
2019-09-05 00:00:00+00:00,460176.0,49902.167,14.733
2019-09-06 00:00:00+00:00,290419.0,49915.5,13.973
2019-09-07 00:00:00+00:00,95433.0,49921.0,13.52
2019-09-08 00:00:00+00:00,35051.0,49921.667,12.81
2019-09-09 00:00:00+00:00,122711.0,49929.0,12.635
2019-09-10 00:00:00+00:00,288610.0,49929.25,13.891
2019-09-11 00:00:00+00:00,373845.0,49932.5,14.841
2019-09-12 00:00:00+00:00,299170.0,49939.25,17.195
2019-09-13 00:00:00+00:00,327123.0,49953.75,16.957
2019-09-14 00:00:00+00:00,119296.0,49962.5,15.469
2019-09-15 00:00:00+00:00,419918.0,49968.917,16.96
2019-09-16 00:00:00+00:00,203371.0,49979.417,15.531
2019-09-17 00:00:00+00:00,591532.0,49984.25,13.001
2019-09-18 00:00:00+00:00,438488.0,49987.583,11.244
2019-09-19 00:00:00+00:00,179983.0,49994.333,10.482
2019-09-20 00:00:00+00:00,121905.0,49998.0,11.477
2019-09-21 00:00:00+00:00,177985.0,49998.0,13.972
2019-09-22 00:00:00+00:00,237797.0,49998.833,16.217
2019-09-23 00:00:00+00:00,167549.0,50008.917,14.678
2019-09-24 00:00:00+00:00,142932.0,50020.833,14.526
2019-09-25 00:00:00+00:00,161041.0,50041.917,14.106
2019-09-26 00:00:00+00:00,281382.0,50052.583,14.84
2019-09-27 00:00:00+00:00,389037.0,50059.0,15.08
2019-09-28 00:00:00+00:00,669426.0,50059.0,14.116
2019-09-29 00:00:00+00:00,685120.0,50059.333,14.909
2019-09-30 00:00:00+00:00,750950.0,50063.583,13.711
2019-10-01 00:00:00+00:00,411750.0,50070.333,14.013
2019-10-02 00:00:00+00:00,451203.0,50074.0,10.278
2019-10-03 00:00:00+00:00,228382.0,50074.0,9.074
2019-10-04 00:00:00+00:00,301057.0,50074.0,8.898
2019-10-05 00:00:00+00:00,301039.0,50074.0,8.932
2019-10-06 00:00:00+00:00,344586.0,50074.0,7.365
2019-10-07 00:00:00+00:00,189204.0,50074.75,8.049
2019-10-08 00:00:00+00:00,550507.0,50083.417,11.108
2019-10-09 00:00:00+00:00,556608.0,50088.0,10.881
2019-10-10 00:00:00+00:00,672124.0,50088.583,10.276
2019-10-11 00:00:00+00:00,835982.0,50095.0,11.911
2019-10-12 00:00:00+00:00,552394.0,50095.0,14.135
2019-10-13 00:00:00+00:00,466535.0,50095.0,16.66
2019-10-14 00:00:00+00:00,314110.0,50095.25,15.93
2019-10-15 00:00:00+00:00,214059.0,50098.333,14.616
2019-10-16 00:00:00+00:00,428627.0,50102.0,11.755
2019-10-17 00:00:00+00:00,306168.0,50102.25,13.08
2019-10-18 00:00:00+00:00,539807.0,50105.333,12.447
2019-10-19 00:00:00+00:00,451872.0,50109.0,11.568
2019-10-20 00:00:00+00:00,140265.0,50109.167,12.726
2019-10-21 00:00:00+00:00,179300.0,50111.0,12.852
2019-10-22 00:00:00+00:00,164171.0,50112.5,11.194
2019-10-23 00:00:00+00:00,172337.0,50129.583,11.706
2019-10-24 00:00:00+00:00,287411.0,50136.583,12.76
2019-10-25 00:00:00+00:00,537400.0,50143.0,12.301
2019-10-26 00:00:00+00:00,717073.0,50143.0,12.951
2019-10-27 00:00:00+00:00,581302.0,50143.0,10.268
2019-10-28 00:00:00+00:00,273721.0,50143.167,6.775
2019-10-29 00:00:00+00:00,134576.0,50147.208,5.367
2019-10-30 00:00:00+00:00,124034.0,50152.292,3.53
2019-10-31 00:00:00+00:00,190337.0,50159.125,2.253
2019-11-01 00:00:00+00:00,427675.0,50162.417,4.757
2019-11-02 00:00:00+00:00,598636.0,50172.0,11.187
2019-11-03 00:00:00+00:00,291656.0,50172.25,10.047
2019-11-04 00:00:00+00:00,262847.0,50178.0,9.116
2019-11-05 00:00:00+00:00,212176.0,50178.292,7.385
2019-11-06 00:00:00+00:00,106742.0,50185.0,6.238
2019-11-07 00:00:00+00:00,293410.0,50185.333,5.919
2019-11-08 00:00:00+00:00,142574.0,50193.0,4.796
2019-11-09 00:00:00+00:00,164428.0,50193.0,3.731
2019-11-10 00:00:00+00:00,134132.0,50193.0,2.201
2019-11-11 00:00:00+00:00,428728.0,50193.083,1.829
2019-11-12 00:00:00+00:00,520910.0,50195.0,3.301
2019-11-13 00:00:00+00:00,350141.0,50195.458,2.78
2019-11-14 00:00:00+00:00,350944.0,50206.292,2.714
2019-11-15 00:00:00+00:00,473098.0,50213.0,3.2
2019-11-16 00:00:00+00:00,328590.0,50213.25,3.025
2019-11-17 00:00:00+00:00,301943.0,50219.458,2.791
2019-11-18 00:00:00+00:00,409401.0,50230.167,3.455
2019-11-19 00:00:00+00:00,382056.0,50234.25,3.282
2019-11-20 00:00:00+00:00,36772.0,50240.292,1.855
2019-11-21 00:00:00+00:00,134954.0,50247.0,2.905
2019-11-22 00:00:00+00:00,282624.0,50247.0,3.57
2019-11-23 00:00:00+00:00,623391.0,50247.292,5.225
2019-11-24 00:00:00+00:00,291224.0,50254.0,4.978
2019-11-25 00:00:00+00:00,62548.0,50254.125,4.535
2019-11-26 00:00:00+00:00,235350.0,50257.083,5.81
2019-11-27 00:00:00+00:00,545480.0,50259.542,6.902
2019-11-28 00:00:00+00:00,857710.0,50272.292,7.922
2019-11-29 00:00:00+00:00,618895.0,50279.25,3.91
2019-11-30 00:00:00+00:00,195076.0,50285.0,1.152
2019-12-01 00:00:00+00:00,134296.0,50285.25,0.198
2019-12-02 00:00:00+00:00,344119.0,50291.417,0.874
2019-12-03 00:00:00+00:00,275830.0,50301.083,2.077
2019-12-04 00:00:00+00:00,278977.0,50303.167,0.673
2019-12-05 00:00:00+00:00,436209.0,50307.208,-0.832
2019-12-06 00:00:00+00:00,860237.0,50312.167,1.387
2019-12-07 00:00:00+00:00,841616.0,50316.0,5.431
2019-12-08 00:00:00+00:00,918908.0,50316.125,6.319
2019-12-09 00:00:00+00:00,749939.0,50319.0,5.104
2019-12-10 00:00:00+00:00,550224.0,50319.125,1.433
2019-12-11 00:00:00+00:00,436289.0,50322.292,0.996
2019-12-12 00:00:00+00:00,403284.0,50329.25,1.36
2019-12-13 00:00:00+00:00,555000.0,50335.0,0.856
2019-12-14 00:00:00+00:00,843230.0,50335.0,3.361
2019-12-15 00:00:00+00:00,853649.0,50335.0,5.46
2019-12-16 00:00:00+00:00,441369.0,50335.417,5.238
2019-12-17 00:00:00+00:00,546881.0,50345.667,7.553
2019-12-18 00:00:00+00:00,407039.0,50361.375,6.188
2019-12-19 00:00:00+00:00,558192.0,50371.208,5.734
2019-12-20 00:00:00+00:00,653405.0,50399.167,6.222
2019-12-21 00:00:00+00:00,429207.0,50403.25,4.585
2019-12-22 00:00:00+00:00,419774.0,50409.625,4.509
2019-12-23 00:00:00+00:00,612081.0,50424.0,5.284
2019-12-24 00:00:00+00:00,455192.0,50424.0,5.067
2019-12-25 00:00:00+00:00,293649.0,50424.0,4.728
2019-12-26 00:00:00+00:00,132739.0,50424.125,2.79
2019-12-27 00:00:00+00:00,146590.0,50427.0,1.327
2019-12-28 00:00:00+00:00,159126.0,50427.292,-1.441
2019-12-29 00:00:00+00:00,349839.0,50434.75,-1.314
2019-12-30 00:00:00+00:00,639343.0,50452.0,0.542
