teamstatspk,TEAM,GP,W,L,WIN%,MIN,PTS,FGM,FGA,FG%,3PM,3PA,3P%,FTM,FTA,FT%,OREB,DREB,REB,AST,TOV,STL,BLK,BLKA,PF,PFD,+/-,SEASON
0,Phoenix Suns,52,42,10,0.808,48.1,112.7,42.7,89.4,47.8,11.5,31.7,36.3,15.8,20.0,79.1,10.2,35.9,46.1,26.5,13.3,8.6,4.3,4.0,19.3,19.3,7.8,2020-21
1,Golden State Warriors,53,40,13,0.755,48.2,110.9,40.4,86.5,46.7,14.6,40.1,36.4,15.5,20.3,76.4,10.1,36.4,46.5,27.5,15.6,9.4,4.9,4.1,20.3,17.7,8.3,2020-21
2,Memphis Grizzlies,55,37,18,0.673,48.3,112.7,42.7,93.4,45.7,11.1,32.7,33.9,16.2,22.0,73.7,13.6,35.0,48.6,25.1,13.3,10.1,6.4,6.4,19.1,19.0,4.1,2020-21
3,Miami Heat,54,34,20,0.63,48.5,108.7,39.3,85.7,45.9,13.5,36.1,37.5,16.5,20.2,81.5,10.8,33.8,44.6,25.9,14.9,7.6,3.3,4.4,20.5,20.0,4.2,2020-21
4,Chicago Bulls,53,33,20,0.623,48.1,111.6,41.6,87.0,47.8,11.2,30.0,37.2,17.2,21.2,81.4,8.9,34.1,43.0,24.5,13.0,7.2,4.6,5.2,18.8,17.8,1.7,2020-21
5,Milwaukee Bucks,55,34,21,0.618,48.2,112.7,40.7,88.9,45.8,14.3,39.4,36.4,16.9,21.6,78.2,10.3,36.5,46.8,23.4,13.7,7.7,4.2,4.5,17.8,19.2,4.0,2020-21
6,Cleveland Cavaliers,54,33,21,0.611,48.0,106.5,39.5,85.1,46.4,11.8,33.7,35.1,15.7,20.9,75.1,10.4,34.9,45.3,25.5,14.9,7.2,4.3,4.5,17.0,19.2,4.4,2020-21
7,Philadelphia 76ers,53,32,21,0.604,48.4,107.8,39.6,85.1,46.6,11.0,30.9,35.8,17.5,21.7,80.9,8.4,33.7,42.1,23.2,12.5,7.6,5.7,4.6,19.1,18.9,2.2,2020-21
8,Utah Jazz,53,32,21,0.604,48.0,113.6,40.6,85.9,47.3,14.6,40.0,36.4,17.8,22.9,77.8,10.1,35.7,45.8,22.2,14.3,7.1,4.8,4.2,18.8,20.1,6.0,2020-21
9,Dallas Mavericks,54,31,23,0.574,48.3,106.2,39.1,86.4,45.3,12.3,36.8,33.5,15.6,20.2,77.0,9.5,34.3,43.8,24.0,12.6,7.1,4.1,3.9,19.7,19.9,2.7,2020-21
10,Toronto Raptors,51,28,23,0.549,48.5,108.2,40.1,91.1,44.0,12.4,34.9,35.5,15.6,20.7,75.7,13.2,31.8,45.0,22.2,12.8,9.2,4.9,5.1,19.8,18.9,1.3,2020-21
11,Brooklyn Nets,53,29,24,0.547,48.2,111.3,41.5,88.4,47.0,11.2,31.7,35.4,17.0,20.9,81.6,10.1,34.8,44.9,25.3,14.0,7.0,5.5,5.2,19.8,19.3,0.5,2020-21
12,Denver Nuggets,53,29,24,0.547,48.2,109.3,40.8,86.5,47.2,12.8,36.3,35.4,14.7,18.7,78.7,8.9,34.4,43.3,27.1,13.9,7.3,3.8,4.9,19.3,19.2,1.8,2020-21
13,Boston Celtics,55,30,25,0.545,48.7,108.1,39.4,87.6,45.0,12.4,36.4,34.0,16.9,20.7,81.7,10.8,35.7,46.5,23.3,14.2,7.3,5.9,4.7,18.7,19.2,4.1,2020-21
14,Minnesota Timberwolves,53,28,25,0.528,48.3,112.4,40.8,91.3,44.6,14.3,41.3,34.7,16.5,21.6,76.5,12.1,33.0,45.1,24.8,14.6,8.8,5.8,5.2,21.7,20.7,1.7,2020-21
15,Charlotte Hornets,54,28,26,0.519,48.4,113.6,42.1,91.9,45.9,13.9,38.2,36.3,15.4,20.9,73.6,10.7,33.8,44.5,26.9,13.2,8.7,4.9,4.7,19.5,19.5,-0.6,2020-21
16,LA Clippers,55,27,28,0.491,48.2,106.3,39.3,87.4,45.0,12.5,34.7,36.0,15.2,19.2,79.0,9.0,35.1,44.1,23.3,14.2,7.5,4.5,4.3,18.7,18.7,-1.1,2020-21
17,Los Angeles Lakers,54,26,28,0.481,48.8,110.9,41.4,89.3,46.4,12.0,34.5,34.8,16.2,22.2,72.9,9.6,35.3,44.9,24.1,14.7,8.1,5.6,4.0,20.2,20.0,-1.3,2020-21
18,Atlanta Hawks,53,25,28,0.472,48.0,111.5,40.8,87.5,46.6,12.4,33.3,37.3,17.5,21.8,80.3,9.8,34.6,44.4,24.2,12.3,6.8,4.3,4.5,18.3,20.2,0.1,2020-21
19,Washington Wizards,52,24,28,0.462,48.4,106.9,39.8,86.1,46.3,10.0,30.9,32.4,17.2,22.2,77.6,9.2,35.2,44.3,23.9,13.2,6.0,5.0,4.3,18.7,20.2,-2.8,2020-21
20,New York Knicks,53,24,29,0.453,48.3,104.4,37.4,85.7,43.6,13.0,36.6,35.5,16.5,22.2,74.7,11.1,34.7,45.8,21.4,13.6,6.9,4.9,4.7,19.7,19.5,-0.9,2020-21
21,New Orleans Pelicans,53,21,32,0.396,48.2,105.8,38.5,87.4,44.1,10.8,32.7,32.9,17.9,22.7,79.0,11.6,33.7,45.3,24.7,14.3,7.6,4.1,5.1,19.5,20.2,-3.5,2020-21
22,Portland Trail Blazers,54,21,33,0.389,48.1,107.8,39.0,86.9,44.9,13.5,38.1,35.5,16.4,21.5,76.0,10.1,33.6,43.7,22.7,13.9,7.6,4.7,4.5,20.0,19.7,-4.4,2020-21
23,San Antonio Spurs,54,20,34,0.37,48.3,111.5,43.3,93.1,46.6,11.1,31.5,35.4,13.7,18.6,73.8,11.2,34.4,45.6,27.9,12.7,7.7,5.2,5.3,17.9,18.3,0.0,2020-21
24,Sacramento Kings,55,20,35,0.364,48.3,109.5,40.5,89.2,45.4,11.7,34.1,34.3,16.7,22.2,75.5,10.4,33.5,43.8,23.2,14.0,7.3,4.7,5.2,19.2,19.0,-5.0,2020-21
25,Indiana Pacers,55,19,36,0.345,48.5,108.7,40.5,88.8,45.6,11.7,35.2,33.3,16.0,20.9,76.7,10.9,33.7,44.7,24.3,14.3,6.8,5.6,4.9,20.5,19.4,-2.1,2020-21
26,Oklahoma City Thunder,52,17,35,0.327,48.2,101.0,37.2,89.1,41.8,11.8,37.6,31.5,14.7,19.3,76.3,10.4,35.5,45.9,21.1,13.5,7.4,4.6,6.2,18.2,17.6,-6.4,2020-21
27,Houston Rockets,53,15,38,0.283,48.1,108.3,38.7,85.6,45.2,13.2,38.5,34.4,17.8,24.8,71.8,9.5,33.0,42.5,22.9,16.9,7.3,4.7,5.8,20.1,22.4,-8.7,2020-21
28,Detroit Pistons,53,12,41,0.226,48.2,102.5,37.1,88.2,42.0,11.2,35.0,32.1,17.1,21.9,77.7,10.6,32.1,42.7,22.4,14.6,7.8,4.9,5.2,21.5,20.1,-9.4,2020-21
29,Orlando Magic,55,12,43,0.218,48.1,102.9,37.8,87.4,43.2,11.7,35.9,32.6,15.7,19.9,78.7,9.1,34.3,43.3,23.0,14.6,6.7,4.7,5.4,20.0,18.5,-8.4,2020-21
30,Milwaukee Bucks,73,56,17,0.767,48.2,118.7,43.3,90.9,47.6,13.8,38.9,35.5,18.3,24.7,74.2,9.5,42.2,51.7,25.9,15.1,7.2,5.9,4.5,19.6,21.7,10.1,2019-20
31,Toronto Raptors,72,53,19,0.736,48.3,112.8,40.2,87.9,45.8,13.8,37.0,37.4,18.5,23.2,79.6,9.5,35.9,45.4,25.2,14.8,8.8,5.0,5.5,21.7,20.4,6.2,2019-20
32,Los Angeles Lakers,71,52,19,0.732,48.1,113.4,42.3,88.3,48.0,11.0,31.6,34.9,17.7,24.3,72.9,10.7,35.1,45.7,25.4,15.2,8.6,6.6,3.7,20.7,21.7,5.8,2019-20
33,LA Clippers,72,49,23,0.681,48.3,116.3,41.6,89.2,46.6,12.4,33.5,37.1,20.8,26.3,79.1,10.7,37.0,47.7,23.7,14.6,7.1,4.7,4.7,22.1,22.9,6.4,2019-20
34,Boston Celtics,72,48,24,0.667,48.4,113.7,41.3,89.6,46.1,12.6,34.5,36.4,18.6,23.2,80.1,10.7,35.4,46.1,23.0,13.8,8.3,5.6,5.5,21.6,20.7,6.3,2019-20
35,Denver Nuggets,73,46,27,0.63,48.6,111.3,42.0,88.9,47.3,11.0,30.6,35.9,16.2,20.9,77.7,10.8,33.4,44.1,26.7,13.8,8.0,4.6,4.4,20.3,20.5,2.1,2019-20
36,Indiana Pacers,73,45,28,0.616,48.3,109.4,42.1,88.5,47.6,10.2,28.0,36.3,15.0,19.1,78.7,8.7,34.1,42.8,25.9,13.2,7.4,5.2,4.6,19.8,18.8,2.0,2019-20
37,Houston Rockets,72,44,28,0.611,48.3,117.8,40.8,90.4,45.1,15.6,45.3,34.5,20.6,26.1,79.1,9.8,34.5,44.3,21.6,14.7,8.7,5.2,4.9,21.8,21.0,3.0,2019-20
38,Oklahoma City Thunder,72,44,28,0.611,48.4,110.4,40.0,85.5,46.8,10.7,30.2,35.5,19.8,24.8,79.6,8.2,34.7,42.9,21.7,13.7,7.6,4.9,4.0,19.3,22.8,2.0,2019-20
39,Utah Jazz,72,44,28,0.611,48.2,111.3,40.1,85.1,47.1,13.4,35.2,38.0,17.8,22.8,77.9,9.1,35.8,44.9,22.4,15.1,6.1,4.1,4.6,20.4,20.8,2.5,2019-20
40,Miami Heat,73,44,29,0.603,48.6,112.0,39.5,84.4,46.8,13.4,35.4,37.9,19.7,25.2,78.3,8.5,35.9,44.4,25.9,14.9,7.5,4.5,4.1,20.6,21.7,2.9,2019-20
41,Philadelphia 76ers,73,43,30,0.589,48.2,110.7,41.1,87.9,46.8,11.6,31.6,36.8,16.9,22.4,75.5,10.5,35.0,45.4,25.8,14.2,8.0,5.3,4.0,20.9,20.5,2.4,2019-20
42,Dallas Mavericks,75,43,32,0.573,48.5,117.0,41.7,90.3,46.1,15.1,41.3,36.7,18.6,23.8,77.9,10.5,36.4,46.9,24.7,12.7,6.1,4.8,4.1,19.5,21.3,4.9,2019-20
43,Brooklyn Nets,72,35,37,0.486,48.6,111.8,40.4,90.3,44.8,13.1,38.1,34.3,17.9,24.1,74.5,10.6,37.3,47.9,24.5,15.3,6.4,4.5,5.3,21.0,21.1,-0.6,2019-20
44,Portland Trail Blazers,74,35,39,0.473,48.2,115.0,42.2,91.2,46.3,12.9,34.1,37.7,17.7,22.1,80.4,10.2,35.1,45.3,20.6,12.8,6.3,6.1,4.9,21.7,20.1,-1.1,2019-20
45,Memphis Grizzlies,73,34,39,0.466,48.1,112.6,42.5,90.9,46.8,10.9,31.5,34.7,16.6,21.8,76.3,10.3,36.2,46.5,26.9,15.2,7.9,5.5,5.3,21.2,20.2,-1.1,2019-20
46,Phoenix Suns,73,34,39,0.466,48.2,113.6,41.2,88.1,46.8,11.4,31.8,35.8,19.9,23.8,83.4,9.8,33.8,43.5,27.2,14.8,7.7,4.0,5.5,22.0,22.6,0.2,2019-20
47,Orlando Magic,73,33,40,0.452,48.1,107.3,39.3,88.6,44.4,11.1,32.2,34.3,17.6,22.7,77.4,10.3,34.2,44.5,23.9,12.8,8.2,5.4,4.6,18.3,19.5,-1.0,2019-20
48,San Antonio Spurs,71,32,39,0.451,48.5,114.1,42.2,89.4,47.2,10.7,28.5,37.6,19.0,23.4,81.0,9.0,35.6,44.6,24.7,12.6,7.3,5.5,4.3,19.4,20.1,-1.1,2019-20
49,Sacramento Kings,72,31,41,0.431,48.5,110.1,40.9,88.4,46.2,12.7,34.9,36.4,15.7,20.3,77.0,9.7,32.9,42.6,23.8,14.5,7.7,4.1,4.2,22.2,19.5,-2.0,2019-20
50,New Orleans Pelicans,72,30,42,0.417,48.4,115.8,42.6,91.6,46.5,13.6,36.9,37.0,17.1,23.4,72.9,11.1,35.4,46.5,26.8,16.4,7.5,5.0,4.8,21.2,21.1,-1.3,2019-20
51,Charlotte Hornets,65,23,42,0.354,48.5,102.9,37.3,85.9,43.4,12.1,34.3,35.2,16.2,21.6,74.8,11.0,31.8,42.8,23.8,14.6,6.6,4.1,5.0,18.8,20.6,-6.8,2019-20
52,Washington Wizards,72,25,47,0.347,48.2,114.4,41.5,90.9,45.7,12.0,32.6,36.8,19.4,24.6,78.8,10.2,31.9,42.0,25.0,14.2,8.0,4.3,5.0,22.7,22.2,-4.7,2019-20
53,Chicago Bulls,65,22,43,0.338,48.2,106.8,39.6,88.6,44.7,12.2,35.1,34.8,15.5,20.5,75.5,10.5,31.4,41.9,23.2,15.5,10.0,4.1,5.9,21.8,19.2,-3.1,2019-20
54,New York Knicks,66,21,45,0.318,48.4,105.8,40.0,89.3,44.7,9.6,28.4,33.7,16.3,23.5,69.4,12.0,34.5,46.5,22.1,14.3,7.6,4.7,5.0,22.2,19.8,-6.5,2019-20
55,Detroit Pistons,66,20,46,0.303,48.4,107.2,39.3,85.7,45.9,12.0,32.7,36.7,16.6,22.4,74.3,9.8,32.0,41.7,24.1,15.3,7.4,4.5,5.6,19.7,19.8,-3.6,2019-20
56,Atlanta Hawks,67,20,47,0.299,48.6,111.8,40.6,90.6,44.9,12.0,36.1,33.3,18.5,23.4,79.0,9.9,33.4,43.3,24.0,16.2,7.8,5.1,6.4,23.1,21.0,-8.0,2019-20
57,Minnesota Timberwolves,64,19,45,0.297,48.6,113.3,40.4,91.6,44.1,13.3,39.7,33.6,19.1,25.4,75.3,10.5,34.3,44.8,23.8,15.3,8.7,5.7,5.5,21.4,21.6,-4.3,2019-20
58,Cleveland Cavaliers,65,19,46,0.292,48.4,106.9,40.3,87.9,45.8,11.2,31.8,35.1,15.1,19.9,75.8,10.8,33.4,44.2,23.1,16.5,6.9,3.2,6.3,18.3,19.6,-7.9,2019-20
59,Golden State Warriors,65,15,50,0.231,48.4,106.3,38.6,88.2,43.8,10.4,31.3,33.4,18.7,23.2,80.3,10.0,32.9,42.8,25.6,14.9,8.2,4.6,4.9,20.1,20.1,-8.7,2019-20
60,Milwaukee Bucks,82,60,22,0.732,48.2,118.1,43.4,91.1,47.6,13.5,38.2,35.3,17.9,23.2,77.3,9.3,40.4,49.7,26.0,13.9,7.5,5.9,4.8,19.6,20.2,8.9,2018-19
61,Toronto Raptors,82,58,24,0.707,48.5,114.4,42.2,89.1,47.4,12.4,33.8,36.6,17.7,22.0,80.4,9.6,35.6,45.2,25.4,14.0,8.3,5.3,4.5,21.0,20.5,6.1,2018-19
62,Golden State Warriors,82,57,25,0.695,48.3,117.7,44.0,89.8,49.1,13.3,34.4,38.5,16.3,20.4,80.1,9.7,36.5,46.2,29.4,14.3,7.6,6.4,3.6,21.4,19.5,6.5,2018-19
63,Denver Nuggets,82,54,28,0.659,48.1,110.7,41.9,90.0,46.6,11.0,31.4,35.1,15.8,20.9,75.5,11.9,34.5,46.4,27.4,13.4,7.7,4.4,5.0,20.0,20.4,4.0,2018-19
64,Houston Rockets,82,53,29,0.646,48.4,113.9,39.2,87.4,44.9,16.1,45.4,35.6,19.3,24.4,79.1,10.2,31.9,42.1,21.2,13.3,8.5,4.9,4.5,22.0,20.0,4.8,2018-19
65,Portland Trail Blazers,82,53,29,0.646,48.4,114.7,42.3,90.6,46.7,11.0,30.7,35.9,19.0,23.3,81.4,11.8,36.2,48.0,23.0,13.8,6.7,5.0,5.1,20.4,20.7,4.2,2018-19
66,Philadelphia 76ers,82,51,31,0.622,48.3,115.2,41.5,88.2,47.1,10.8,30.2,35.9,21.2,27.5,77.1,10.9,36.9,47.8,26.9,14.9,7.4,5.3,4.1,21.3,22.1,2.7,2018-19
67,Utah Jazz,82,50,32,0.61,48.2,111.7,40.4,86.4,46.8,12.1,34.0,35.6,18.8,25.5,73.6,10.0,36.4,46.4,26.0,15.1,8.1,5.9,4.6,21.1,22.4,5.3,2018-19
68,Boston Celtics,82,49,33,0.598,48.2,112.4,42.1,90.5,46.5,12.6,34.5,36.5,15.6,19.5,80.2,9.8,34.7,44.5,26.3,12.8,8.6,5.3,3.9,20.4,19.5,4.4,2018-19
69,Oklahoma City Thunder,82,49,33,0.598,48.4,114.5,42.6,94.0,45.4,11.4,32.6,34.8,17.8,25.0,71.3,12.6,35.5,48.1,23.4,14.0,9.3,5.2,5.1,22.4,22.5,3.4,2018-19
70,Indiana Pacers,82,48,34,0.585,48.1,108.0,41.3,87.0,47.5,9.5,25.4,37.4,15.8,21.1,75.2,9.3,33.7,43.0,26.0,13.7,8.7,4.9,5.2,19.4,20.0,3.3,2018-19
71,LA Clippers,82,48,34,0.585,48.4,115.1,41.3,87.5,47.1,10.0,25.8,38.8,22.6,28.5,79.2,9.7,35.8,45.5,24.0,14.5,6.8,4.7,6.1,23.3,24.0,0.9,2018-19
72,San Antonio Spurs,82,48,34,0.585,48.3,111.7,42.3,88.4,47.8,9.9,25.3,39.2,17.2,21.0,81.9,9.2,35.5,44.7,24.5,12.1,6.1,4.7,4.0,18.1,19.6,1.7,2018-19
73,Brooklyn Nets,82,42,40,0.512,48.7,112.2,40.3,89.7,44.9,12.8,36.2,35.3,19.0,25.5,74.5,11.0,35.6,46.6,23.8,15.1,6.6,4.1,5.3,21.5,22.0,-0.1,2018-19
74,Orlando Magic,82,42,40,0.512,48.2,107.3,40.4,89.1,45.4,11.4,32.1,35.6,15.0,19.2,78.2,10.0,35.4,45.4,25.5,13.2,6.6,5.4,4.4,18.6,18.7,0.7,2018-19
75,Detroit Pistons,82,41,41,0.5,48.4,107.0,38.8,88.3,44.0,12.1,34.8,34.8,17.3,23.1,74.7,11.4,33.6,45.0,22.5,13.8,6.9,4.0,5.1,22.1,21.3,-0.2,2018-19
76,Charlotte Hornets,82,39,43,0.476,48.4,110.7,40.2,89.8,44.8,11.9,33.9,35.1,18.4,23.1,79.7,9.9,33.9,43.8,23.2,12.2,7.2,4.9,6.0,18.9,20.6,-1.1,2018-19
77,Miami Heat,82,39,43,0.476,48.1,105.7,39.6,88.0,45.0,11.3,32.4,34.9,15.1,21.7,69.5,11.2,35.1,46.3,24.3,14.7,7.6,5.5,4.7,20.9,20.1,-0.2,2018-19
78,Sacramento Kings,82,39,43,0.476,48.1,114.2,43.2,93.1,46.4,11.3,29.9,37.8,16.5,22.7,72.6,11.0,34.4,45.4,25.4,13.4,8.3,4.4,5.1,21.4,21.4,-1.1,2018-19
79,Los Angeles Lakers,82,37,45,0.451,48.2,111.8,42.6,90.5,47.0,10.3,31.0,33.3,16.3,23.3,69.9,10.2,36.4,46.6,25.6,15.7,7.5,5.4,5.1,20.7,20.8,-1.7,2018-19
80,Minnesota Timberwolves,82,36,46,0.439,48.4,112.5,41.6,91.3,45.6,10.1,28.7,35.1,19.1,24.3,78.7,11.3,33.5,44.8,24.6,13.1,8.3,5.0,5.5,20.3,21.9,-1.5,2018-19
81,Dallas Mavericks,82,33,49,0.402,48.2,108.9,38.8,86.9,44.7,12.5,36.6,34.0,18.8,25.3,74.2,10.1,35.2,45.3,23.4,14.2,6.5,4.3,4.5,20.1,23.2,-1.3,2018-19
82,Memphis Grizzlies,82,33,49,0.402,48.5,103.5,38.0,84.4,45.0,9.9,28.9,34.2,17.7,23.0,77.2,8.8,33.0,41.8,23.9,14.0,8.3,5.5,4.9,22.0,21.4,-2.6,2018-19
83,New Orleans Pelicans,82,33,49,0.402,48.2,115.4,43.7,92.2,47.3,10.3,29.9,34.4,17.8,23.4,76.1,11.1,36.2,47.3,27.0,14.8,7.4,5.4,5.4,21.1,21.0,-1.3,2018-19
84,Washington Wizards,82,32,50,0.39,48.6,114.0,42.1,90.1,46.8,11.3,33.3,34.1,18.4,23.9,76.8,9.7,32.7,42.4,26.3,14.1,8.3,4.6,4.6,20.7,21.2,-2.9,2018-19
85,Atlanta Hawks,82,29,53,0.354,48.4,113.3,41.4,91.8,45.1,13.0,37.0,35.2,17.6,23.4,75.2,11.6,34.5,46.1,25.8,17.0,8.2,5.1,5.5,23.6,22.2,-6.0,2018-19
86,Chicago Bulls,82,22,60,0.268,48.5,104.9,39.8,87.9,45.3,9.1,25.9,35.1,16.2,20.7,78.3,8.8,34.1,42.9,21.9,14.1,7.4,4.3,5.8,20.3,18.7,-8.4,2018-19
87,Cleveland Cavaliers,82,19,63,0.232,48.2,104.5,38.9,87.6,44.4,10.3,29.1,35.5,16.4,20.7,79.2,10.7,31.9,42.7,20.7,13.5,6.5,2.4,5.6,20.0,19.4,-9.6,2018-19
88,Phoenix Suns,82,19,63,0.232,48.5,107.5,40.1,87.4,45.9,9.6,29.3,32.9,17.6,22.7,77.9,9.1,31.3,40.4,23.9,15.6,9.0,5.1,5.0,23.6,20.7,-9.3,2018-19
89,New York Knicks,82,17,65,0.207,48.2,104.6,38.2,88.3,43.3,10.0,29.5,34.0,18.1,23.9,75.9,10.5,34.3,44.7,20.1,14.0,6.8,5.1,5.6,20.9,20.8,-9.2,2018-19
90,Houston Rockets,82,65,17,0.793,48.2,112.4,38.7,84.2,46.0,15.3,42.3,36.2,19.6,25.1,78.1,9.0,34.5,43.5,21.5,13.8,8.5,4.8,4.4,19.5,20.4,8.5,2017-18
91,Toronto Raptors,82,59,23,0.72,48.4,111.7,41.3,87.4,47.2,11.8,33.0,35.8,17.3,21.8,79.4,9.8,34.2,44.0,24.3,13.4,7.6,6.1,4.9,21.7,19.9,7.8,2017-18
92,Golden State Warriors,82,58,24,0.707,48.1,113.5,42.8,85.1,50.3,11.3,28.9,39.1,16.6,20.3,81.5,8.4,35.1,43.5,29.3,15.4,8.0,7.5,3.7,19.6,18.5,6.0,2017-18
93,Boston Celtics,82,55,27,0.671,48.3,104.0,38.3,85.1,45.0,11.5,30.4,37.7,16.0,20.7,77.1,9.4,35.1,44.5,22.5,14.0,7.4,4.5,4.4,19.7,19.2,3.6,2017-18
94,Philadelphia 76ers,82,52,30,0.634,48.2,109.8,40.8,86.6,47.2,11.0,29.8,36.9,17.1,22.8,75.2,10.9,36.5,47.4,27.1,16.5,8.3,5.1,5.1,22.1,20.4,4.5,2017-18
95,Cleveland Cavaliers,82,50,32,0.61,48.1,110.9,40.4,84.8,47.6,12.0,32.1,37.2,18.1,23.3,77.9,8.5,33.7,42.1,23.4,13.7,7.1,3.8,4.1,18.6,20.7,0.9,2017-18
96,Portland Trail Blazers,82,49,33,0.598,48.2,105.6,39.3,87.0,45.2,10.3,28.1,36.6,16.7,20.9,80.0,10.2,35.3,45.5,19.5,13.5,7.0,5.2,5.1,19.5,19.1,2.6,2017-18
97,Indiana Pacers,82,48,34,0.585,48.2,105.6,40.8,86.4,47.2,9.0,24.5,36.9,14.9,19.2,77.9,9.6,32.7,42.3,22.2,13.3,8.8,4.1,5.2,18.8,18.5,1.4,2017-18
98,New Orleans Pelicans,82,48,34,0.585,48.7,111.7,42.7,88.3,48.3,10.2,28.2,36.2,16.1,20.9,77.2,8.7,35.6,44.3,26.8,14.9,8.0,5.9,4.2,19.1,20.4,1.3,2017-18
99,Oklahoma City Thunder,82,48,34,0.585,48.4,107.9,39.9,88.1,45.3,10.7,30.4,35.4,17.3,24.2,71.6,12.5,32.6,45.1,21.3,14.0,9.1,5.0,4.6,20.2,21.3,3.4,2017-18
100,Utah Jazz,82,48,34,0.585,48.2,104.1,38.3,82.9,46.2,10.8,29.6,36.6,16.8,21.5,77.9,9.0,34.2,43.3,22.4,14.7,8.6,5.1,4.6,19.6,20.5,4.3,2017-18
101,Minnesota Timberwolves,82,47,35,0.573,48.3,109.5,41.0,86.1,47.6,8.0,22.5,35.7,19.4,24.1,80.4,10.3,31.6,42.0,22.7,12.5,8.4,4.2,4.7,18.2,20.9,2.2,2017-18
102,San Antonio Spurs,82,47,35,0.573,48.1,102.7,39.0,85.4,45.7,8.5,24.1,35.2,16.1,20.9,77.2,10.4,33.9,44.2,22.8,13.1,7.7,5.6,3.9,17.2,19.7,2.9,2017-18
103,Denver Nuggets,82,46,36,0.561,48.5,110.0,40.7,86.6,47.0,11.5,30.9,37.1,17.1,22.3,76.7,11.0,33.5,44.5,25.1,15.0,7.6,4.9,4.8,18.7,20.7,1.5,2017-18
104,Miami Heat,82,44,38,0.537,48.6,103.4,38.8,85.3,45.5,11.0,30.6,36.0,14.7,19.5,75.5,9.3,34.2,43.5,22.7,14.4,7.6,5.3,4.6,20.1,19.4,0.5,2017-18
105,Milwaukee Bucks,82,44,38,0.537,48.4,106.5,39.7,83.0,47.8,8.8,24.7,35.5,18.3,23.4,78.3,8.4,31.5,39.8,23.2,13.8,8.8,5.4,4.5,21.4,19.9,-0.3,2017-18
106,Washington Wizards,82,43,39,0.524,48.4,106.6,39.9,85.6,46.7,9.9,26.5,37.5,16.8,21.8,77.2,10.0,33.1,43.1,25.2,14.6,7.9,4.3,4.7,21.3,20.0,0.6,2017-18
107,LA Clippers,82,42,40,0.512,48.1,109.0,40.3,85.4,47.1,9.5,26.8,35.4,19.0,25.5,74.3,10.1,33.7,43.9,22.3,14.7,7.7,4.5,5.6,20.0,22.0,0.0,2017-18
108,Detroit Pistons,82,39,43,0.476,48.3,103.8,39.1,86.9,45.0,10.8,28.9,37.3,14.7,19.8,74.5,10.1,33.6,43.7,22.8,13.4,7.7,3.9,4.9,18.4,18.4,-0.1,2017-18
109,Charlotte Hornets,82,36,46,0.439,48.2,108.2,39.0,86.7,45.0,10.0,27.2,36.9,20.2,27.0,74.7,10.1,35.4,45.5,21.6,12.7,6.8,4.5,4.9,17.2,22.4,0.3,2017-18
110,Los Angeles Lakers,82,35,47,0.427,48.5,108.1,40.7,88.4,46.1,10.0,29.1,34.5,16.6,23.3,71.4,10.7,35.7,46.4,23.8,15.8,7.7,4.7,5.5,21.2,20.5,-1.5,2017-18
111,New York Knicks,82,29,53,0.354,48.4,104.5,40.7,87.7,46.4,8.2,23.3,35.2,14.9,19.0,78.7,10.5,33.6,44.0,23.3,14.7,6.7,5.1,4.7,20.5,18.4,-3.6,2017-18
112,Brooklyn Nets,82,28,54,0.341,48.4,106.6,38.2,86.8,44.1,12.7,35.7,35.6,17.4,22.6,77.2,9.7,34.8,44.4,23.7,15.2,6.2,4.8,5.5,20.6,19.7,-3.7,2017-18
113,Chicago Bulls,82,27,55,0.329,48.4,102.9,38.7,88.8,43.5,11.0,31.1,35.5,14.6,19.2,75.9,9.6,35.0,44.7,23.5,14.0,7.6,3.5,5.2,19.2,17.4,-7.0,2017-18
114,Sacramento Kings,82,27,55,0.329,48.2,98.8,38.8,86.1,45.0,9.0,24.0,37.5,12.3,16.7,73.5,9.5,31.4,40.9,21.6,13.7,7.8,4.1,4.7,20.0,17.3,-7.0,2017-18
115,Orlando Magic,82,25,57,0.305,48.1,103.4,38.8,85.9,45.2,10.3,29.3,35.1,15.5,20.5,75.7,8.8,32.8,41.6,23.4,14.5,7.6,4.9,4.9,19.3,19.0,-4.8,2017-18
116,Atlanta Hawks,82,24,58,0.293,48.1,103.4,38.2,85.5,44.6,11.2,31.0,36.0,15.8,20.2,78.5,9.1,32.8,41.9,23.7,15.5,7.8,4.2,5.5,19.6,20.3,-5.5,2017-18
117,Dallas Mavericks,82,24,58,0.293,48.3,102.3,38.1,85.9,44.4,11.8,32.8,36.0,14.2,18.7,76.3,8.1,33.1,41.3,22.7,12.3,7.0,3.8,4.5,19.2,19.6,-3.0,2017-18
118,Memphis Grizzlies,82,22,60,0.268,48.1,99.3,36.7,82.8,44.4,9.2,26.2,35.2,16.6,21.1,78.6,9.5,31.0,40.5,21.5,15.0,7.5,4.8,5.1,23.2,20.4,-6.2,2017-18
119,Phoenix Suns,82,21,61,0.256,48.1,103.9,38.5,87.1,44.2,9.3,27.9,33.4,17.7,23.9,74.1,10.3,33.9,44.1,21.3,15.7,6.9,4.5,6.0,22.0,20.9,-9.4,2017-18
120,Golden State Warriors,82,67,15,0.817,48.2,115.9,43.1,87.1,49.5,12.0,31.2,38.3,17.8,22.6,78.8,9.4,35.0,44.4,30.4,14.8,9.6,6.8,3.8,19.3,19.4,11.6,2016-17
121,San Antonio Spurs,82,61,21,0.744,48.3,105.3,39.3,83.7,46.9,9.2,23.5,39.1,17.6,22.0,79.7,10.0,33.9,43.9,23.8,13.4,8.0,5.9,4.1,18.3,19.8,7.2,2016-17
122,Houston Rockets,82,55,27,0.671,48.2,115.3,40.3,87.2,46.2,14.4,40.3,35.7,20.3,26.5,76.6,10.9,33.5,44.4,25.2,15.1,8.2,4.3,5.0,19.9,20.4,5.8,2016-17
123,Boston Celtics,82,53,29,0.646,48.2,108.0,38.6,85.1,45.4,12.0,33.4,35.9,18.7,23.2,80.7,9.1,32.9,42.0,25.2,13.3,7.5,4.1,5.2,20.6,20.3,2.6,2016-17
124,Cleveland Cavaliers,82,51,31,0.622,48.5,110.3,39.9,84.9,47.0,13.0,33.9,38.4,17.5,23.3,74.8,9.3,34.4,43.7,22.7,13.7,6.6,4.0,4.3,18.1,20.6,3.2,2016-17
125,LA Clippers,82,51,31,0.622,48.2,108.7,39.5,83.2,47.5,10.3,27.4,37.5,19.3,26.0,74.5,9.0,34.0,43.0,22.5,13.0,7.5,4.2,3.1,19.8,22.4,4.3,2016-17
126,Toronto Raptors,82,51,31,0.622,48.2,106.9,39.2,84.4,46.4,8.8,24.3,36.3,19.7,24.7,79.6,10.6,32.6,43.3,18.5,12.7,8.3,4.9,4.8,20.8,20.3,4.2,2016-17
127,Utah Jazz,82,51,31,0.622,48.2,100.7,37.0,79.5,46.6,9.6,26.0,37.2,17.1,22.9,74.7,9.4,33.8,43.2,20.1,13.6,6.7,5.0,3.8,18.8,20.2,3.9,2016-17
128,Washington Wizards,82,49,33,0.598,48.4,109.2,41.3,87.0,47.5,9.2,24.8,37.2,17.3,22.1,78.4,10.3,32.6,42.9,23.9,14.2,8.5,4.1,4.6,21.3,19.8,1.8,2016-17
129,Oklahoma City Thunder,82,47,35,0.573,48.3,106.6,39.5,87.4,45.2,8.4,25.8,32.7,19.2,25.8,74.5,12.2,34.4,46.6,21.0,15.0,7.9,5.0,5.5,20.9,20.7,0.8,2016-17
130,Atlanta Hawks,82,43,39,0.524,48.5,103.2,38.1,84.4,45.1,8.9,26.1,34.1,18.1,24.9,72.8,10.3,34.1,44.3,23.6,15.8,8.2,4.8,5.2,18.2,21.6,-0.9,2016-17
131,Memphis Grizzlies,82,43,39,0.524,48.5,100.5,36.4,83.6,43.5,9.4,26.5,35.4,18.3,23.4,78.4,10.8,32.0,42.8,21.3,12.9,8.0,4.2,5.0,22.4,20.8,0.5,2016-17
132,Indiana Pacers,82,42,40,0.512,48.4,105.1,39.3,84.5,46.5,8.6,23.0,37.6,17.9,22.1,81.0,9.0,33.0,42.0,22.5,13.8,8.2,5.0,5.0,19.5,19.5,-0.2,2016-17
133,Milwaukee Bucks,82,42,40,0.512,48.2,103.6,38.8,81.9,47.4,8.8,23.7,37.0,17.2,22.4,76.8,8.8,31.6,40.4,24.2,14.0,8.1,5.3,4.6,20.2,19.3,-0.2,2016-17
134,Chicago Bulls,82,41,41,0.5,48.2,102.9,38.6,87.1,44.4,7.6,22.3,34.0,18.0,22.5,79.8,12.2,34.1,46.3,22.6,13.6,7.8,4.8,4.6,17.7,18.8,0.4,2016-17
135,Miami Heat,82,41,41,0.5,48.2,103.2,39.0,85.8,45.5,9.9,27.0,36.5,15.2,21.6,70.6,10.6,33.0,43.6,21.2,13.4,7.2,5.7,4.9,20.5,18.7,1.1,2016-17
136,Portland Trail Blazers,82,41,41,0.5,48.6,107.9,39.5,86.1,45.9,10.4,27.7,37.5,18.5,23.7,78.0,10.1,33.5,43.7,21.1,13.7,7.0,5.0,5.3,21.2,19.8,-0.5,2016-17
137,Denver Nuggets,82,40,42,0.488,48.2,111.7,41.2,87.7,46.9,10.6,28.8,36.8,18.7,24.2,77.4,11.8,34.6,46.4,25.3,15.0,6.9,3.9,4.9,19.1,20.2,0.5,2016-17
138,Detroit Pistons,82,37,45,0.451,48.3,101.3,39.9,88.8,44.9,7.7,23.4,33.0,13.9,19.3,71.9,11.1,34.6,45.7,21.1,11.9,7.0,3.8,4.1,17.9,17.5,-1.1,2016-17
139,Charlotte Hornets,82,36,46,0.439,48.4,104.9,37.7,85.4,44.2,10.0,28.6,35.1,19.4,23.8,81.5,8.8,34.8,43.6,23.1,11.5,7.0,4.8,5.5,16.6,19.9,0.2,2016-17
140,New Orleans Pelicans,82,34,48,0.415,48.5,104.3,39.1,87.0,45.0,9.4,26.8,35.0,16.7,22.3,75.0,8.6,35.1,43.7,22.8,12.9,7.8,5.5,4.2,18.2,19.3,-2.1,2016-17
141,Dallas Mavericks,82,33,49,0.402,48.2,97.9,36.2,82.3,44.0,10.7,30.2,35.5,14.8,18.5,80.1,7.9,30.7,38.6,20.8,11.9,7.5,3.7,3.4,19.1,19.4,-2.9,2016-17
142,Sacramento Kings,82,32,50,0.39,48.5,102.8,37.9,82.1,46.1,9.0,23.9,37.6,18.1,23.3,77.5,8.7,32.3,41.1,22.5,14.6,7.6,4.0,5.1,20.3,20.1,-3.9,2016-17
143,Minnesota Timberwolves,82,31,51,0.378,48.3,105.6,39.5,84.4,46.7,7.3,21.0,34.9,19.3,24.2,79.9,11.4,31.0,42.4,23.7,14.0,8.0,4.5,5.0,20.1,20.5,-1.1,2016-17
144,New York Knicks,82,31,51,0.378,48.4,104.3,39.6,88.5,44.7,8.6,24.7,34.8,16.6,21.1,78.8,12.0,33.2,45.2,21.8,13.9,7.1,5.5,4.6,20.3,18.5,-3.7,2016-17
145,Orlando Magic,82,29,53,0.354,48.3,101.1,38.3,87.0,44.0,8.5,26.1,32.8,16.0,21.4,74.7,9.8,33.3,43.2,22.2,13.3,7.1,4.8,5.1,19.3,18.7,-6.6,2016-17
146,Philadelphia 76ers,82,28,54,0.341,48.4,102.4,37.7,85.3,44.2,10.1,29.8,34.0,17.0,22.0,77.1,9.8,33.0,42.8,23.8,16.7,8.4,5.1,5.4,21.9,19.6,-5.7,2016-17
147,Los Angeles Lakers,82,26,56,0.317,48.1,104.6,39.3,87.4,45.0,8.9,25.7,34.6,17.0,22.6,75.4,11.4,32.1,43.5,20.9,15.2,8.2,3.9,5.4,20.7,18.5,-6.9,2016-17
148,Phoenix Suns,82,24,58,0.293,48.4,107.7,39.9,88.5,45.0,7.5,22.6,33.2,20.4,26.3,77.6,11.9,33.1,45.0,19.6,15.4,8.2,4.9,5.3,24.8,22.2,-5.6,2016-17
149,Brooklyn Nets,82,20,62,0.244,48.2,105.8,37.8,85.2,44.4,10.7,31.6,33.8,19.4,24.6,78.8,8.8,35.1,43.9,21.4,16.5,7.2,4.7,5.6,21.0,20.4,-6.7,2016-17
150,Golden State Warriors,82,73,9,0.89,48.5,114.9,42.5,87.3,48.7,13.1,31.6,41.6,16.7,21.8,76.3,10.0,36.2,46.2,28.9,15.2,8.4,6.1,4.1,20.7,19.8,10.8,2015-16
151,San Antonio Spurs,82,67,15,0.817,48.1,103.5,40.1,82.9,48.4,7.0,18.5,37.5,16.4,20.4,80.3,9.4,34.5,43.9,24.5,13.1,8.3,5.9,3.9,17.5,19.5,10.6,2015-16
152,Cleveland Cavaliers,82,57,25,0.695,48.4,104.3,38.7,84.0,46.0,10.7,29.6,36.2,16.3,21.7,74.8,10.6,33.9,44.5,22.7,13.6,6.7,3.9,4.4,20.3,20.6,6.0,2015-16
153,Toronto Raptors,82,56,26,0.683,48.2,102.7,36.7,81.3,45.1,8.6,23.4,37.0,20.8,26.7,77.7,10.2,33.2,43.4,18.7,13.1,7.8,5.5,5.4,19.6,22.0,4.5,2015-16
154,Oklahoma City Thunder,82,55,27,0.671,48.4,110.2,41.1,86.4,47.6,8.3,23.7,34.9,19.7,25.2,78.2,13.1,35.6,48.6,23.0,15.9,7.4,5.9,4.5,20.6,20.2,7.3,2015-16
155,LA Clippers,82,53,29,0.646,48.4,104.5,38.3,82.4,46.5,9.7,26.7,36.4,18.2,26.2,69.2,8.8,33.3,42.0,22.8,13.0,8.6,5.6,3.2,21.3,22.5,4.3,2015-16
156,Atlanta Hawks,82,48,34,0.585,48.4,102.8,38.6,84.4,45.8,9.9,28.4,35.0,15.6,20.0,78.3,8.3,33.8,42.1,25.6,15.0,9.1,5.9,5.0,19.1,18.3,3.6,2015-16
157,Boston Celtics,82,48,34,0.585,48.2,105.7,39.2,89.2,43.9,8.7,26.1,33.5,18.5,23.5,78.8,11.6,33.3,44.9,24.2,13.7,9.2,4.2,5.5,21.9,21.0,3.2,2015-16
158,Charlotte Hornets,82,48,34,0.585,48.4,103.4,37.0,84.4,43.9,10.6,29.4,36.2,18.7,23.7,79.0,9.0,35.0,43.9,21.7,12.5,7.3,5.3,5.5,18.1,20.4,2.7,2015-16
159,Miami Heat,82,48,34,0.585,48.4,100.0,38.4,81.7,47.0,6.1,18.0,33.6,17.1,23.0,74.4,9.8,34.3,44.1,20.8,14.1,6.7,6.5,4.1,18.3,19.6,1.6,2015-16
160,Indiana Pacers,82,45,37,0.549,48.5,102.2,38.3,85.2,45.0,8.1,23.0,35.1,17.4,22.8,76.4,10.3,33.9,44.2,21.2,14.9,9.0,4.8,4.5,20.0,20.4,1.7,2015-16
161,Detroit Pistons,82,44,38,0.537,48.5,102.0,37.9,86.4,43.9,9.0,26.2,34.5,17.1,25.5,66.8,12.5,33.9,46.3,19.4,13.5,7.0,3.7,4.5,19.0,21.6,0.6,2015-16
162,Portland Trail Blazers,82,44,38,0.537,48.3,105.1,38.6,85.9,45.0,10.5,28.5,37.0,17.4,23.0,75.4,11.6,33.9,45.5,21.3,14.6,6.9,4.6,5.2,21.7,19.5,0.8,2015-16
163,Chicago Bulls,82,42,40,0.512,48.5,101.6,38.6,87.4,44.1,7.9,21.4,37.1,16.5,21.0,78.7,11.1,35.2,46.3,22.8,13.9,6.0,5.7,5.7,18.8,18.7,-1.5,2015-16
164,Dallas Mavericks,82,42,40,0.512,48.8,102.3,37.4,84.1,44.4,9.8,28.6,34.4,17.7,22.3,79.4,9.2,33.9,43.1,22.1,12.8,6.8,3.7,4.4,19.5,21.4,-0.3,2015-16
165,Memphis Grizzlies,82,42,40,0.512,48.4,99.1,36.8,83.6,44.0,6.1,18.5,33.1,19.3,24.7,78.3,11.2,30.5,41.6,20.7,13.3,8.8,4.3,5.7,21.7,21.1,-2.2,2015-16
166,Houston Rockets,82,41,41,0.5,48.4,106.5,37.7,83.5,45.2,10.7,30.9,34.7,20.4,29.4,69.4,11.3,31.7,43.1,22.2,15.9,10.0,5.2,4.9,21.8,22.5,0.2,2015-16
167,Washington Wizards,82,41,41,0.5,48.2,104.1,39.5,85.8,46.0,8.6,24.2,35.8,16.5,22.5,73.0,9.1,32.8,41.8,24.5,14.5,8.6,3.9,4.3,20.8,20.1,-0.5,2015-16
168,Utah Jazz,82,40,42,0.488,48.7,97.7,36.1,80.4,44.9,8.5,23.9,35.5,17.1,23.0,74.4,10.7,32.5,43.2,19.0,14.9,7.7,5.2,4.7,20.2,19.9,1.8,2015-16
169,Orlando Magic,82,35,47,0.427,48.5,102.1,39.5,86.8,45.5,7.8,22.2,35.0,15.2,20.1,75.7,10.3,33.0,43.3,23.6,14.1,8.2,5.1,5.5,20.7,18.3,-1.6,2015-16
170,Denver Nuggets,82,33,49,0.402,48.4,101.9,37.7,85.4,44.2,8.0,23.7,33.8,18.5,24.1,76.6,11.5,33.1,44.6,22.7,14.7,7.4,4.8,6.3,21.0,20.9,-3.1,2015-16
171,Milwaukee Bucks,82,33,49,0.402,48.4,99.0,38.4,82.2,46.7,5.4,15.6,34.5,17.0,22.7,74.7,10.5,31.2,41.7,23.1,15.2,8.2,5.8,5.6,20.7,19.5,-4.2,2015-16
172,Sacramento Kings,82,33,49,0.402,48.3,106.6,40.0,86.4,46.4,8.0,22.4,35.9,18.5,25.5,72.5,10.6,33.7,44.2,24.5,16.2,8.9,4.5,5.3,20.4,22.0,-2.5,2015-16
173,New York Knicks,82,32,50,0.39,48.3,98.4,36.9,84.0,43.9,7.4,21.5,34.6,17.2,21.4,80.5,10.4,34.0,44.4,20.5,13.4,5.7,5.7,4.2,19.7,18.5,-2.7,2015-16
174,New Orleans Pelicans,82,30,52,0.366,48.2,102.7,38.5,85.9,44.8,8.6,23.8,36.0,17.3,22.2,77.6,9.5,33.1,42.6,22.2,13.4,7.7,4.2,5.2,20.9,19.9,-3.8,2015-16
175,Minnesota Timberwolves,82,29,53,0.354,48.5,102.4,37.7,81.3,46.4,5.5,16.4,33.8,21.4,27.0,79.2,10.0,31.5,41.6,23.4,15.0,8.0,4.6,5.2,20.7,21.6,-3.5,2015-16
176,Phoenix Suns,82,23,59,0.28,48.1,100.9,37.2,85.6,43.5,9.0,25.8,34.8,17.5,23.2,75.1,11.5,33.3,44.8,20.7,17.2,7.7,3.8,5.5,22.7,21.6,-6.7,2015-16
177,Brooklyn Nets,82,21,61,0.256,48.2,98.6,38.2,84.4,45.3,6.5,18.4,35.2,15.7,20.7,75.7,10.5,31.9,42.4,22.3,14.8,7.6,4.0,5.2,18.0,18.4,-7.4,2015-16
178,Los Angeles Lakers,82,17,65,0.207,48.1,97.3,35.1,84.8,41.4,7.8,24.6,31.7,19.3,24.7,78.1,10.7,32.3,43.0,18.0,13.7,7.2,4.1,5.6,20.3,19.2,-9.6,2015-16
179,Philadelphia 76ers,82,10,72,0.122,48.3,97.4,36.2,84.0,43.1,9.3,27.5,33.9,15.7,22.6,69.4,9.5,31.8,41.2,21.5,16.4,8.3,6.0,5.7,21.7,19.2,-10.2,2015-16
180,Golden State Warriors,82,67,15,0.817,48.1,110.0,41.6,87.0,47.8,10.8,27.0,39.8,16.0,20.8,76.8,10.4,34.3,44.7,27.4,14.5,9.3,6.0,3.6,19.9,18.8,10.1,2014-15
181,Atlanta Hawks,82,60,22,0.732,48.1,102.5,38.1,81.7,46.6,10.0,26.2,38.0,16.5,21.2,77.8,8.7,31.8,40.6,25.7,14.2,9.1,4.6,4.9,17.8,19.6,5.4,2014-15
182,Houston Rockets,82,56,26,0.683,48.3,103.9,37.0,83.3,44.4,11.4,32.7,34.8,18.6,26.0,71.5,11.7,32.0,43.7,22.2,16.7,9.5,5.0,5.3,22.0,21.1,3.4,2014-15
183,Los Angeles Clippers,82,56,26,0.683,48.1,106.7,39.4,83.3,47.3,10.1,26.9,37.6,17.9,25.2,71.0,9.6,33.1,42.6,24.8,12.3,7.8,5.0,3.0,21.3,21.5,6.6,2014-15
184,Memphis Grizzlies,82,55,27,0.671,48.5,98.3,37.8,82.5,45.8,5.2,15.2,33.9,17.6,22.8,77.3,10.4,32.1,42.6,21.7,13.3,8.5,4.2,5.2,19.1,20.3,3.2,2014-15
185,San Antonio Spurs,82,55,27,0.671,48.7,103.2,39.1,83.6,46.8,8.3,22.5,36.7,16.7,21.4,78.0,9.8,33.8,43.6,24.4,14.0,8.0,5.4,4.4,19.1,19.7,6.2,2014-15
186,Cleveland Cavaliers,82,53,29,0.646,48.2,103.1,37.7,82.2,45.8,10.1,27.5,36.7,17.7,23.6,75.1,11.1,31.9,43.0,22.1,14.3,7.4,4.1,4.5,18.4,20.5,4.5,2014-15
187,Portland Trail Blazers,82,51,31,0.622,48.4,102.8,38.7,86.0,45.0,9.8,27.2,36.2,15.5,19.4,80.1,10.7,35.1,45.9,21.9,13.6,6.4,4.5,3.6,18.2,18.7,4.2,2014-15
188,Chicago Bulls,82,50,32,0.61,48.5,100.8,36.6,82.9,44.2,7.9,22.3,35.3,19.7,25.2,78.3,11.7,34.0,45.7,21.7,14.0,6.3,5.8,5.4,18.2,21.2,3.0,2014-15
189,Dallas Mavericks,82,50,32,0.61,48.5,105.2,39.7,85.8,46.3,8.9,25.4,35.2,16.9,22.5,75.2,10.5,31.8,42.3,22.5,13.0,8.1,4.5,3.8,20.0,22.1,2.9,2014-15
190,Toronto Raptors,82,49,33,0.598,48.4,104.0,37.9,83.3,45.5,8.9,25.1,35.2,19.3,24.6,78.7,10.7,30.8,41.5,20.7,12.9,7.5,4.4,5.0,20.9,20.3,3.1,2014-15
191,Washington Wizards,82,46,36,0.561,48.7,98.5,38.3,82.8,46.2,6.1,16.8,36.0,15.9,21.4,74.2,10.5,34.2,44.7,24.0,15.0,7.3,4.6,4.3,20.8,19.6,0.7,2014-15
192,New Orleans Pelicans,82,45,37,0.549,48.2,99.4,37.9,82.9,45.7,7.1,19.3,37.0,16.4,21.8,75.1,11.5,32.0,43.5,22.0,13.3,6.7,6.2,5.8,18.7,18.7,0.8,2014-15
193,Oklahoma City Thunder,82,45,37,0.549,48.4,104.0,38.8,86.8,44.7,7.7,22.7,33.9,18.6,24.6,75.4,12.8,34.7,47.5,20.5,14.7,7.3,5.5,4.6,22.3,20.4,2.2,2014-15
194,Milwaukee Bucks,82,41,41,0.5,48.6,97.8,37.6,82.0,45.9,6.6,18.3,36.3,16.0,21.1,75.7,10.7,31.4,42.1,23.6,16.7,9.6,4.9,4.8,22.1,20.1,0.4,2014-15
195,Boston Celtics,82,40,42,0.488,48.5,101.4,38.9,87.9,44.3,8.0,24.6,32.7,15.4,20.5,75.4,11.1,32.7,43.8,24.5,13.8,8.2,3.6,5.3,21.2,18.8,0.2,2014-15
196,Phoenix Suns,82,39,43,0.476,48.5,102.4,38.8,85.8,45.2,8.5,25.0,34.1,16.4,21.5,76.0,10.9,32.2,43.2,20.2,15.1,8.5,4.7,4.1,21.3,20.3,-0.9,2014-15
197,Brooklyn Nets,82,38,44,0.463,48.6,98.0,37.4,83.0,45.1,6.6,19.9,33.1,16.6,22.2,74.8,10.3,32.0,42.4,20.9,13.8,7.0,4.1,4.5,19.3,20.0,-2.9,2014-15
198,Indiana Pacers,82,38,44,0.463,48.4,97.3,36.6,83.2,43.9,7.5,21.2,35.2,16.7,22.2,75.6,10.4,34.4,44.9,21.4,14.0,6.2,4.6,4.7,21.2,21.4,0.3,2014-15
199,Utah Jazz,82,38,44,0.463,48.1,95.1,35.4,79.2,44.7,7.4,21.7,34.3,17.0,23.5,72.1,12.0,31.9,44.0,19.9,15.3,7.6,6.0,4.7,19.3,19.6,0.2,2014-15
200,Miami Heat,82,37,45,0.451,48.1,94.7,35.2,77.2,45.6,6.8,20.2,33.5,17.5,23.7,74.1,9.1,30.0,39.1,19.8,14.8,7.8,4.5,4.4,20.0,20.9,-2.6,2014-15
201,Charlotte Hornets,82,33,49,0.402,48.5,94.2,35.5,84.5,42.0,6.1,19.1,31.8,17.0,22.8,74.8,10.0,34.1,44.1,20.2,11.9,6.1,5.5,5.4,18.2,20.8,-3.2,2014-15
202,Detroit Pistons,82,32,50,0.39,48.4,98.5,37.1,85.8,43.2,8.6,24.9,34.4,15.8,22.4,70.3,12.8,32.1,44.9,21.6,13.4,7.6,4.7,4.8,19.0,19.3,-1.0,2014-15
203,Denver Nuggets,82,30,52,0.366,48.5,101.5,37.8,87.3,43.3,8.0,24.8,32.5,17.8,24.3,73.4,12.3,32.4,44.7,21.8,14.2,7.8,4.5,6.1,23.0,20.7,-3.5,2014-15
204,Sacramento Kings,82,29,53,0.354,48.4,101.3,36.7,80.7,45.5,5.6,16.5,34.1,22.3,29.3,76.2,10.9,33.3,44.2,20.3,16.3,6.7,4.0,6.2,20.7,23.9,-3.7,2014-15
205,Orlando Magic,82,25,57,0.305,48.2,95.7,37.5,82.8,45.3,6.8,19.5,34.7,13.9,19.1,72.9,10.0,31.8,41.8,20.6,14.9,7.9,3.8,5.4,20.9,17.9,-5.7,2014-15
206,Los Angeles Lakers,82,21,61,0.256,48.6,98.5,37.2,85.6,43.5,6.5,18.9,34.4,17.5,23.6,74.1,11.6,32.3,43.9,20.9,13.2,7.0,4.5,4.8,21.2,19.4,-6.8,2014-15
207,Philadelphia 76ers,82,18,64,0.22,48.3,92.0,33.7,82.6,40.8,8.4,26.3,32.0,16.1,23.8,67.6,11.9,30.9,42.9,20.5,17.7,9.6,5.9,5.5,21.7,20.2,-9.0,2014-15
208,New York Knicks,82,17,65,0.207,48.4,91.9,35.1,82.0,42.8,6.8,19.7,34.7,14.8,19.2,76.9,10.6,29.8,40.4,21.3,14.7,7.0,4.7,4.3,21.6,19.1,-9.3,2014-15
209,Minnesota Timberwolves,82,16,66,0.195,48.3,97.8,36.4,83.2,43.8,5.0,14.9,33.2,20.0,25.7,77.6,11.6,29.3,40.9,21.6,15.0,8.1,4.0,5.5,19.2,21.4,-8.8,2014-15
210,San Antonio Spurs,82,62,20,0.756,48.2,105.4,40.6,83.5,48.6,8.5,21.4,39.7,15.7,20.0,78.5,9.3,34.0,43.3,25.2,14.4,7.4,5.1,4.6,18.2,19.3,7.7,2013-14
211,Oklahoma City Thunder,82,59,23,0.72,48.3,106.2,39.0,82.7,47.1,8.1,22.4,36.1,20.2,25.0,80.6,10.8,33.9,44.7,21.9,15.3,8.3,6.1,3.6,22.7,20.4,6.3,2013-14
212,Los Angeles Clippers,82,57,25,0.695,48.2,107.9,39.1,82.5,47.4,8.5,24.0,35.2,21.2,29.1,73.0,10.5,32.5,43.0,24.6,13.9,8.6,4.8,3.5,21.5,23.4,7.0,2013-14
213,Indiana Pacers,82,56,26,0.683,48.2,96.7,36.0,80.2,44.9,6.7,18.8,35.7,18.1,23.3,77.9,10.2,34.5,44.7,20.1,15.1,6.7,5.4,4.6,20.4,21.9,4.4,2013-14
214,Houston Rockets,82,54,28,0.659,48.4,107.7,38.0,80.5,47.2,9.5,26.6,35.8,22.1,31.1,71.2,11.2,34.1,45.3,21.4,16.1,7.6,5.6,5.6,20.4,24.3,4.6,2013-14
215,Miami Heat,82,54,28,0.659,48.5,102.2,38.3,76.5,50.1,8.1,22.3,36.4,17.5,23.0,76.0,7.6,29.2,36.9,22.5,14.8,8.9,4.5,3.1,19.5,20.4,4.8,2013-14
216,Portland Trail Blazers,82,54,28,0.659,48.4,106.7,39.1,87.0,45.0,9.4,25.3,37.2,19.1,23.5,81.5,12.5,34.0,46.4,23.2,13.7,5.5,4.7,3.7,19.2,20.7,4.0,2013-14
217,Golden State Warriors,82,51,31,0.622,48.4,104.3,39.5,85.4,46.2,9.4,24.8,38.0,15.9,21.1,75.3,10.9,34.4,45.3,23.3,15.2,7.8,5.0,4.2,21.8,19.3,4.8,2013-14
218,Memphis Grizzlies,82,50,32,0.61,48.3,96.1,38.1,82.0,46.4,4.9,14.0,35.3,15.1,20.3,74.1,11.6,30.8,42.4,21.9,13.7,7.7,4.6,5.0,19.1,18.9,1.6,2013-14
219,Dallas Mavericks,82,49,33,0.598,48.4,104.8,39.6,83.6,47.4,8.8,22.9,38.4,16.8,21.1,79.5,10.2,30.7,40.9,23.6,13.5,8.6,4.3,3.5,20.0,19.9,2.4,2013-14
220,Chicago Bulls,82,48,34,0.585,48.6,93.7,34.7,80.2,43.2,6.2,17.8,34.8,18.1,23.3,77.9,11.4,32.7,44.1,22.7,14.9,7.2,5.2,6.0,19.1,20.9,1.9,2013-14
221,Phoenix Suns,82,48,34,0.585,48.2,105.2,38.7,83.5,46.3,9.3,25.1,37.2,18.5,24.4,75.8,11.3,31.7,43.0,19.1,15.3,8.4,4.6,4.0,21.9,21.3,2.6,2013-14
222,Toronto Raptors,82,48,34,0.585,48.7,101.3,36.5,81.9,44.5,8.7,23.4,37.2,19.6,25.1,78.2,11.4,31.1,42.5,21.2,14.1,7.0,4.2,4.3,23.0,22.1,3.2,2013-14
223,Brooklyn Nets,82,44,38,0.537,48.5,98.5,35.7,77.9,45.9,8.6,23.4,36.9,18.4,24.4,75.3,8.8,29.4,38.1,20.9,14.5,8.6,3.8,4.1,21.7,20.8,-1.0,2013-14
224,Washington Wizards,82,44,38,0.537,48.9,100.7,38.7,84.4,45.9,7.9,20.8,38.0,15.3,20.9,73.1,10.8,31.4,42.2,23.3,14.7,8.1,4.6,3.9,20.4,19.5,1.3,2013-14
225,Charlotte Bobcats,82,43,39,0.524,48.5,96.9,36.3,82.1,44.2,6.3,17.9,35.1,18.0,24.4,73.7,9.5,33.2,42.7,21.7,12.3,6.1,5.1,5.1,18.2,20.9,-0.2,2013-14
226,Minnesota Timberwolves,82,40,42,0.488,48.4,106.9,38.9,87.5,44.4,7.3,21.4,34.1,21.8,28.1,77.8,12.5,32.2,44.7,23.9,13.9,8.8,3.6,5.6,18.3,23.6,2.7,2013-14
227,Atlanta Hawks,82,38,44,0.463,48.4,101.0,37.3,81.6,45.8,9.4,25.8,36.3,17.0,21.7,78.1,8.7,31.3,40.0,24.9,15.3,8.3,4.0,4.3,19.2,20.0,-0.5,2013-14
228,New York Knicks,82,37,45,0.451,48.4,98.6,36.9,82.2,44.9,9.3,24.9,37.2,15.5,20.4,76.1,10.6,29.7,40.3,20.0,13.0,7.7,4.5,3.4,22.1,19.6,-0.8,2013-14
229,Denver Nuggets,82,36,46,0.439,48.2,104.4,38.4,85.9,44.7,8.6,23.9,35.8,19.1,26.3,72.6,12.3,33.1,45.4,22.4,15.9,7.5,5.6,5.6,23.0,21.7,-2.1,2013-14
230,New Orleans Pelicans,82,34,48,0.415,48.4,99.7,37.8,82.5,45.9,5.9,15.9,37.3,18.2,23.6,76.9,11.4,30.3,41.7,21.3,13.8,7.9,6.4,6.1,22.6,20.3,-2.7,2013-14
231,Cleveland Cavaliers,82,33,49,0.402,48.6,98.2,37.0,84.8,43.7,7.1,20.0,35.6,17.0,22.7,75.1,12.1,32.1,44.1,21.2,14.2,7.1,3.7,5.6,20.0,19.5,-3.3,2013-14
232,Detroit Pistons,82,29,53,0.354,48.2,101.0,38.8,86.9,44.7,6.2,19.3,32.1,17.3,25.7,67.0,14.6,30.8,45.4,20.9,14.5,8.4,4.8,4.9,20.3,20.7,-3.7,2013-14
233,Sacramento Kings,82,28,54,0.341,48.4,100.5,36.9,82.5,44.7,6.0,18.0,33.3,20.7,27.3,75.9,12.1,32.4,44.5,18.9,15.2,7.2,3.9,5.6,22.5,23.1,-2.9,2013-14
234,Los Angeles Lakers,82,27,55,0.329,48.1,103.0,38.3,85.1,45.0,9.4,24.8,38.1,17.0,22.4,75.7,9.1,32.0,41.0,24.5,15.1,7.5,5.4,4.7,19.8,19.3,-6.3,2013-14
235,Boston Celtics,82,25,57,0.305,48.1,96.2,36.5,83.9,43.5,7.0,21.1,33.3,16.2,20.8,77.7,12.0,30.5,42.5,21.0,15.4,7.1,4.2,4.5,21.3,19.1,-4.5,2013-14
236,Utah Jazz,82,25,57,0.305,48.2,95.0,36.0,81.1,44.4,6.6,19.2,34.4,16.4,22.0,74.7,11.0,30.2,41.2,20.3,14.6,7.0,4.5,4.9,20.7,20.4,-7.2,2013-14
237,Orlando Magic,82,23,59,0.28,48.7,96.5,36.9,82.7,44.5,6.9,19.5,35.3,15.9,20.9,76.3,9.7,32.4,42.0,21.0,14.9,7.7,4.3,5.4,20.5,18.3,-5.4,2013-14
238,Philadelphia 76ers,82,19,63,0.232,48.4,99.5,37.9,87.2,43.5,7.0,22.5,31.2,16.6,23.4,71.0,11.6,31.2,42.7,21.8,16.9,9.3,4.0,6.8,22.5,20.6,-10.5,2013-14
239,Milwaukee Bucks,82,15,67,0.183,48.5,95.5,36.0,82.2,43.8,6.7,18.9,35.3,16.8,22.5,74.7,11.8,29.3,41.1,21.5,15.1,6.6,4.9,5.0,20.9,20.6,-8.2,2013-14
240,Miami Heat,82,66,16,0.805,48.5,102.9,38.4,77.4,49.6,8.7,22.1,39.6,17.4,23.0,75.4,8.2,30.4,38.6,23.0,13.9,8.7,5.4,3.2,18.7,20.4,7.9,2012-13
241,Oklahoma City Thunder,82,60,22,0.732,48.4,105.7,38.1,79.3,48.1,7.3,19.4,37.7,22.2,26.8,82.8,10.4,33.2,43.6,21.4,15.3,8.3,7.6,3.9,20.2,20.7,9.2,2012-13
242,San Antonio Spurs,82,58,24,0.707,48.5,103.0,39.1,81.4,48.1,8.1,21.5,37.6,16.6,21.0,79.1,8.1,33.2,41.3,25.1,14.7,8.5,5.4,4.9,17.4,19.1,6.4,2012-13
243,Denver Nuggets,82,57,25,0.695,48.5,106.1,40.7,85.2,47.8,6.4,18.5,34.3,18.4,26.2,70.1,13.3,31.7,45.0,24.4,15.3,9.3,6.5,6.8,20.5,21.6,5.1,2012-13
244,Los Angeles Clippers,82,56,26,0.683,48.1,101.1,38.5,80.6,47.8,7.6,21.4,35.8,16.4,23.0,71.1,11.4,30.2,41.6,23.9,14.6,9.6,5.6,4.1,20.9,20.9,6.5,2012-13
245,Memphis Grizzlies,82,56,26,0.683,48.3,93.4,36.1,81.5,44.4,4.7,13.5,34.5,16.5,21.3,77.3,12.9,29.8,42.7,20.9,14.0,8.6,5.3,5.5,20.2,20.0,4.1,2012-13
246,New York Knicks,82,54,28,0.659,48.1,100.0,36.5,81.6,44.8,10.9,28.9,37.6,16.0,21.1,75.9,10.9,29.7,40.6,19.3,12.0,8.2,3.6,4.0,20.1,19.2,4.2,2012-13
247,Indiana Pacers,81,49,32,0.605,48.4,94.7,35.1,80.6,43.6,6.9,19.7,34.7,17.6,23.6,74.6,12.9,33.0,45.9,20.3,15.1,7.2,6.3,5.7,20.0,21.9,4.0,2012-13
248,Brooklyn Nets,82,49,33,0.598,48.4,96.9,35.9,79.8,45.0,7.7,21.5,35.7,17.5,23.9,73.1,12.8,30.0,42.8,20.3,14.7,7.3,4.8,4.8,18.3,21.4,1.8,2012-13
249,Golden State Warriors,82,47,35,0.573,48.3,101.2,38.2,83.4,45.8,8.0,19.9,40.3,16.8,21.3,79.0,10.8,34.2,45.0,22.5,15.1,6.9,4.2,4.9,21.4,19.2,0.9,2012-13
250,Chicago Bulls,82,45,37,0.549,48.4,93.2,35.7,81.7,43.7,5.4,15.4,35.3,16.4,21.2,77.3,12.5,30.7,43.2,23.0,14.3,7.2,5.1,5.8,19.7,19.6,0.3,2012-13
251,Houston Rockets,82,45,37,0.549,48.2,106.0,38.1,82.7,46.1,10.6,28.9,36.6,19.2,25.5,75.4,11.1,32.3,43.4,23.2,16.4,8.3,4.4,6.1,20.3,20.4,3.5,2012-13
252,Los Angeles Lakers,82,45,37,0.549,48.2,102.2,37.1,81.0,45.8,8.7,24.6,35.5,19.3,27.9,69.2,11.5,33.3,44.8,22.2,15.0,7.0,5.2,4.8,17.9,23.1,1.2,2012-13
253,Atlanta Hawks,82,44,38,0.537,48.4,98.0,37.6,81.0,46.4,8.6,23.2,37.1,14.1,19.7,71.5,9.2,31.6,40.9,24.5,14.9,8.1,4.5,4.3,18.0,18.8,0.4,2012-13
254,Utah Jazz,82,43,39,0.524,48.5,98.0,37.1,81.8,45.4,6.2,16.9,36.6,17.5,23.0,76.4,12.1,30.0,42.0,22.7,14.8,8.4,6.3,5.9,21.3,20.4,-0.1,2012-13
255,Boston Celtics,81,41,40,0.506,49.0,96.5,37.0,79.7,46.5,6.1,17.2,35.8,16.3,21.0,77.6,8.1,31.3,39.3,22.8,14.6,8.2,4.5,4.7,21.2,19.4,-0.2,2012-13
256,Dallas Mavericks,82,41,41,0.5,48.7,101.1,38.8,84.0,46.2,7.4,19.9,37.2,16.1,20.4,79.3,9.4,32.6,41.9,23.2,14.0,7.9,5.5,4.1,20.7,18.9,-0.6,2012-13
257,Milwaukee Bucks,82,38,44,0.463,48.4,98.9,38.1,87.8,43.5,7.3,20.4,36.0,15.3,20.7,73.6,13.0,30.9,44.0,22.9,14.1,8.4,6.7,4.4,19.0,19.1,-1.5,2012-13
258,Philadelphia 76ers,82,34,48,0.415,48.2,93.2,37.3,84.1,44.4,6.3,17.5,36.0,12.2,16.8,72.9,10.9,30.4,41.3,22.8,13.0,7.4,4.7,4.8,18.4,16.2,-3.3,2012-13
259,Toronto Raptors,82,34,48,0.415,48.7,97.2,36.3,81.5,44.6,7.0,20.3,34.3,17.6,22.3,78.8,10.6,29.6,40.2,21.5,13.7,7.3,4.8,4.7,22.4,20.1,-1.5,2012-13
260,Portland Trail Blazers,82,33,49,0.402,48.4,97.5,36.7,81.9,44.8,8.2,23.2,35.3,15.9,20.5,77.6,10.7,30.2,40.8,21.8,14.7,6.6,4.3,4.4,18.5,18.7,-3.2,2012-13
261,Minnesota Timberwolves,82,31,51,0.378,48.1,95.7,35.9,81.7,43.9,5.5,18.0,30.5,18.5,24.9,74.2,11.9,30.2,42.0,22.4,14.8,8.5,4.7,5.9,18.4,22.5,-2.4,2012-13
262,Detroit Pistons,82,29,53,0.354,48.3,94.9,36.3,81.0,44.9,6.3,17.6,35.6,15.9,22.8,69.9,12.1,30.0,42.1,21.2,15.1,7.0,4.9,5.8,19.8,19.9,-4.0,2012-13
263,Washington Wizards,82,29,53,0.354,48.4,93.2,35.5,81.6,43.5,6.6,18.2,36.5,15.6,21.3,73.3,10.8,32.3,43.2,21.6,15.1,7.3,4.6,4.4,20.5,19.1,-2.5,2012-13
264,Sacramento Kings,82,28,54,0.341,48.4,100.2,37.6,84.2,44.7,7.4,20.5,36.3,17.5,22.8,76.9,11.5,29.1,40.6,20.8,14.6,8.2,4.2,6.3,20.9,20.0,-4.9,2012-13
265,New Orleans Hornets,82,27,55,0.329,48.2,94.1,36.0,80.4,44.8,6.5,18.0,36.3,15.5,20.0,77.6,12.0,29.6,41.6,21.0,14.5,6.3,5.4,6.0,20.4,18.7,-3.9,2012-13
266,Phoenix Suns,82,25,57,0.305,48.3,95.2,37.3,84.4,44.3,5.9,17.7,33.0,14.7,19.7,74.4,11.7,29.9,41.6,22.6,15.6,8.0,5.3,5.1,20.6,18.4,-6.5,2012-13
267,Cleveland Cavaliers,82,24,58,0.293,48.1,96.5,36.5,84.2,43.4,6.7,19.3,34.6,16.8,22.3,75.6,12.2,28.8,41.0,20.7,14.0,7.9,4.1,6.8,21.2,19.7,-4.7,2012-13
268,Charlotte Bobcats,82,21,61,0.256,48.3,93.4,34.4,81.1,42.5,5.7,17.1,33.5,18.9,25.1,75.0,11.2,29.1,40.3,19.4,14.1,7.2,5.8,6.9,19.0,21.3,-9.2,2012-13
269,Orlando Magic,82,20,62,0.244,48.2,94.1,37.7,84.2,44.8,6.2,18.7,32.9,12.5,16.6,75.5,10.9,31.9,42.7,22.8,14.5,6.4,4.4,5.2,19.4,16.5,-7.0,2012-13
270,Chicago Bulls,66,50,16,0.758,48.3,96.3,37.4,82.8,45.2,6.3,16.9,37.5,15.2,21.1,72.2,13.9,32.8,46.7,23.1,14.0,6.9,5.9,5.2,17.3,17.7,8.2,2011-12
271,San Antonio Spurs,66,50,16,0.758,48.3,103.7,39.6,82.8,47.8,8.4,21.3,39.3,16.2,21.6,74.8,10.3,32.6,43.0,23.2,13.6,7.4,4.4,5.0,17.3,18.8,7.2,2011-12
272,Oklahoma City Thunder,66,47,19,0.712,48.5,103.1,37.3,79.2,47.1,7.2,20.0,35.8,21.3,26.4,80.6,11.0,32.7,43.7,18.5,16.3,7.5,8.2,4.9,20.5,20.0,6.1,2011-12
273,Miami Heat,66,46,20,0.697,48.6,98.5,37.1,79.0,46.9,5.6,15.6,35.9,18.8,24.2,77.5,10.4,31.2,41.6,20.0,15.2,8.9,5.4,4.2,19.4,20.5,6.0,2011-12
274,Indiana Pacers,66,42,24,0.636,48.5,97.7,35.7,81.4,43.8,5.9,16.1,36.8,20.4,26.1,78.2,12.5,31.4,43.9,18.6,14.0,7.9,5.4,6.0,21.7,21.6,3.3,2011-12
275,Los Angeles Lakers,66,41,25,0.621,48.7,97.3,36.8,80.6,45.7,5.5,16.8,32.6,18.2,24.1,75.6,12.1,34.1,46.2,22.5,15.1,5.9,5.3,4.6,16.8,20.2,1.4,2011-12
276,Memphis Grizzlies,66,41,25,0.621,48.3,95.0,36.7,82.2,44.7,4.2,12.9,32.6,17.3,22.8,75.9,12.6,29.5,42.0,19.5,14.5,9.6,5.2,5.5,19.9,19.3,2.0,2011-12
277,Atlanta Hawks,66,40,26,0.606,49.0,96.6,36.8,81.0,45.4,7.5,20.2,37.0,15.5,21.0,74.0,9.9,31.3,41.2,22.4,14.0,8.1,4.6,4.7,17.8,19.1,3.4,2011-12
278,Los Angeles Clippers,66,40,26,0.606,48.4,97.5,37.0,81.3,45.5,7.8,21.8,35.7,15.8,23.3,68.0,12.1,29.4,41.6,21.0,13.3,8.4,4.8,4.5,21.2,21.2,2.6,2011-12
279,Boston Celtics,66,39,27,0.591,48.3,91.8,35.5,77.1,46.0,5.5,15.0,36.7,15.4,19.8,77.8,7.7,31.1,38.8,23.6,14.8,7.5,5.5,4.6,19.9,18.4,2.5,2011-12
280,Denver Nuggets,66,38,28,0.576,48.6,104.1,39.0,81.9,47.6,6.6,19.9,33.2,19.6,26.7,73.5,11.2,31.9,43.1,24.0,15.4,8.2,5.0,6.7,19.7,22.0,2.9,2011-12
281,Orlando Magic,66,37,29,0.561,48.4,94.2,34.5,78.2,44.1,10.2,27.0,37.5,15.1,22.8,66.0,11.2,31.2,42.5,20.0,14.9,6.8,4.2,4.1,17.7,19.8,0.8,2011-12
282,Dallas Mavericks,66,36,30,0.545,48.7,95.8,36.3,82.0,44.3,7.5,22.2,33.9,15.6,20.2,77.1,10.1,32.7,42.8,20.9,14.0,8.6,5.1,4.0,18.6,18.4,1.0,2011-12
283,New York Knicks,66,36,30,0.545,48.3,97.8,35.8,80.8,44.3,7.8,23.3,33.6,18.3,24.8,74.1,11.3,30.5,41.7,20.1,16.0,9.4,4.2,5.1,21.1,21.8,3.2,2011-12
284,Utah Jazz,66,36,30,0.545,49.0,99.7,38.2,83.8,45.6,4.1,12.8,32.3,19.1,25.3,75.4,13.0,31.1,44.2,21.8,14.2,8.3,5.8,5.7,21.8,20.7,0.6,2011-12
285,Philadelphia 76ers,66,35,31,0.53,48.2,93.6,37.4,83.6,44.8,5.3,14.6,36.2,13.5,18.2,74.2,10.7,32.5,43.2,22.0,11.2,8.0,5.2,4.8,17.5,16.2,4.2,2011-12
286,Houston Rockets,66,34,32,0.515,48.7,98.1,37.7,84.0,44.9,7.2,20.2,35.9,15.4,19.7,78.2,11.7,30.5,42.2,21.3,14.5,7.5,4.8,5.2,20.4,18.4,0.2,2011-12
287,Phoenix Suns,66,33,33,0.5,48.0,98.4,37.8,82.5,45.8,6.7,19.6,34.3,16.0,21.2,75.7,10.9,30.8,41.7,22.5,14.1,6.5,5.5,4.4,18.7,19.6,-0.2,2011-12
288,Milwaukee Bucks,66,31,35,0.47,48.1,99.0,37.9,85.6,44.3,6.6,19.2,34.5,16.6,21.4,77.4,12.4,30.0,42.5,23.5,14.1,8.3,5.1,4.5,19.3,19.4,0.3,2011-12
289,Portland Trail Blazers,66,28,38,0.424,48.4,97.2,36.4,82.1,44.3,7.2,20.9,34.6,17.2,21.6,79.6,11.1,29.5,40.7,20.4,14.2,8.0,4.9,4.8,19.0,19.8,-0.6,2011-12
290,Minnesota Timberwolves,66,26,40,0.394,48.3,97.9,35.7,82.3,43.3,7.2,21.6,33.2,19.4,25.2,77.1,12.1,31.7,43.7,19.5,15.2,6.6,4.4,5.7,18.4,21.7,-2.2,2011-12
291,Detroit Pistons,66,25,41,0.379,48.4,90.9,34.7,79.3,43.8,4.8,13.9,34.6,16.6,22.1,75.2,11.7,28.5,40.3,18.7,15.7,7.0,4.2,5.3,19.6,19.4,-4.8,2011-12
292,Golden State Warriors,66,23,43,0.348,48.2,97.8,37.7,82.5,45.7,7.9,20.5,38.8,14.4,18.7,77.0,9.7,29.5,39.2,22.3,13.9,8.0,5.5,5.0,21.4,16.6,-3.4,2011-12
293,Toronto Raptors,66,23,43,0.348,48.4,90.7,34.4,78.1,44.0,5.5,16.3,34.0,16.4,21.4,77.0,10.6,31.4,42.0,20.9,15.2,6.5,4.9,4.9,23.2,18.4,-3.3,2011-12
294,New Jersey Nets,66,22,44,0.333,48.2,93.1,34.3,80.6,42.5,7.7,22.4,34.2,16.9,21.7,77.7,11.9,28.5,40.3,19.9,15.1,7.5,3.9,5.0,19.2,19.3,-6.0,2011-12
295,Sacramento Kings,66,22,44,0.333,48.2,98.8,37.7,86.5,43.6,6.2,19.7,31.6,17.1,23.2,73.6,13.4,29.5,42.9,19.3,14.4,8.5,4.9,6.4,19.5,19.9,-5.7,2011-12
296,Cleveland Cavaliers,66,21,45,0.318,48.4,93.0,34.3,81.2,42.2,6.7,19.3,34.6,17.8,24.9,71.6,12.7,29.5,42.3,19.8,15.4,7.1,4.0,6.2,20.0,20.9,-7.2,2011-12
297,New Orleans Hornets,66,21,45,0.318,48.3,89.6,34.8,77.3,45.1,3.9,11.8,33.3,16.0,21.2,75.7,11.0,30.2,41.1,20.7,15.5,7.4,4.8,5.8,20.1,18.7,-3.8,2011-12
298,Washington Wizards,66,20,46,0.303,48.1,93.6,36.6,83.0,44.1,5.2,16.3,32.0,15.3,21.0,72.7,11.7,29.9,41.7,19.1,15.3,8.0,6.3,4.5,21.3,18.7,-4.8,2011-12
299,Charlotte Bobcats,66,7,59,0.106,48.2,87.0,33.2,80.2,41.4,4.0,13.5,29.5,16.5,22.2,74.6,10.3,28.7,39.0,20.1,14.5,6.0,5.5,5.7,18.9,20.3,-13.9,2011-12
300,Chicago Bulls,82,62,20,0.756,48.4,98.6,37.1,80.3,46.2,6.2,17.3,36.1,18.2,24.5,74.3,11.8,32.4,44.2,22.3,14.2,7.2,5.7,5.8,20.0,20.1,7.3,2010-11
301,San Antonio Spurs,82,61,21,0.744,48.2,103.7,38.4,80.8,47.5,8.4,21.1,39.7,18.5,24.2,76.7,10.1,31.7,41.9,22.4,13.4,7.3,4.5,4.6,19.0,20.7,5.7,2010-11
302,Miami Heat,82,58,24,0.707,48.2,102.1,37.0,76.8,48.1,6.7,18.0,37.0,21.5,27.9,76.9,9.6,32.5,42.1,20.0,13.9,6.6,5.2,3.0,20.4,21.8,7.5,2010-11
303,Dallas Mavericks,82,57,25,0.695,48.1,100.2,37.4,78.8,47.5,7.9,21.6,36.5,17.5,22.6,77.7,9.5,31.9,41.4,23.8,14.0,6.8,4.3,3.7,19.2,20.1,4.2,2010-11
304,Los Angeles Lakers,82,57,25,0.695,48.4,101.5,38.1,82.4,46.3,6.4,18.1,35.2,18.8,24.1,77.9,12.1,31.9,44.0,22.0,13.1,7.3,5.1,4.5,19.0,20.7,6.1,2010-11
305,Boston Celtics,82,56,26,0.683,48.2,96.5,36.9,75.8,48.6,5.0,13.6,36.5,17.8,23.1,77.0,7.8,31.0,38.8,23.4,14.6,8.2,4.2,4.4,20.5,20.2,5.4,2010-11
306,Oklahoma City Thunder,82,55,27,0.671,48.8,104.8,37.4,80.6,46.4,5.9,17.1,34.7,24.1,29.3,82.3,11.0,31.8,42.8,20.4,14.1,8.0,5.9,4.3,22.4,21.5,3.8,2010-11
307,Orlando Magic,82,52,30,0.634,48.4,99.2,36.0,78.2,46.1,9.4,25.6,36.6,17.7,25.6,69.2,10.5,32.7,43.2,20.0,14.9,6.7,4.7,3.8,20.0,21.8,5.5,2010-11
308,Denver Nuggets,82,50,32,0.61,48.1,107.5,38.4,80.6,47.6,8.1,20.8,38.8,22.7,29.6,76.5,9.6,32.3,42.0,22.1,14.1,7.4,4.3,6.0,21.0,22.7,4.8,2010-11
309,Portland Trail Blazers,82,48,34,0.585,48.3,96.3,36.0,80.5,44.7,6.3,18.3,34.5,18.0,22.4,80.4,12.1,27.2,39.3,21.2,13.0,8.0,4.4,4.1,19.3,21.3,1.5,2010-11
310,Memphis Grizzlies,82,46,36,0.561,48.5,99.9,39.0,82.9,47.1,3.8,11.3,33.4,18.1,24.2,75.0,11.8,29.2,41.0,20.6,14.0,9.4,5.4,6.2,20.8,21.4,2.3,2010-11
311,New Orleans Hornets,82,46,36,0.561,48.4,94.9,35.9,78.2,45.9,5.4,15.0,36.0,17.7,23.1,76.5,10.0,30.1,40.1,20.6,13.0,7.6,4.4,4.8,21.0,20.4,0.9,2010-11
312,Atlanta Hawks,82,44,38,0.537,48.1,95.0,36.2,78.4,46.2,6.1,17.4,35.2,16.4,21.1,77.9,9.3,30.0,39.3,22.0,13.6,6.1,4.2,4.2,19.0,18.5,-0.8,2010-11
313,Houston Rockets,82,43,39,0.524,48.5,105.9,38.7,85.1,45.4,8.3,22.5,36.7,20.3,25.4,80.1,11.7,31.1,42.8,23.8,13.5,7.1,4.5,5.5,20.0,21.4,2.2,2010-11
314,New York Knicks,82,42,40,0.512,48.2,106.5,38.3,83.7,45.7,9.3,25.4,36.8,20.6,25.5,80.9,10.3,30.1,40.5,21.4,13.7,7.6,5.8,4.4,21.3,20.8,0.8,2010-11
315,Philadelphia 76ers,82,41,41,0.5,48.6,99.0,38.1,82.6,46.1,5.4,15.2,35.5,17.4,22.6,77.0,10.4,31.4,41.8,22.7,13.0,7.6,4.3,4.6,19.4,18.8,1.5,2010-11
316,Phoenix Suns,82,40,42,0.488,48.8,105.0,39.3,83.5,47.0,8.5,22.6,37.7,18.0,23.6,75.9,10.0,30.2,40.2,23.7,14.3,6.6,4.4,4.3,20.3,21.2,-0.9,2010-11
317,Utah Jazz,82,39,43,0.476,48.5,99.4,37.4,80.4,46.5,5.3,15.3,34.6,19.4,25.1,77.1,11.0,28.5,39.5,23.4,14.3,7.7,5.9,5.0,22.7,22.0,-1.8,2010-11
318,Indiana Pacers,82,37,45,0.451,48.2,99.8,36.6,82.8,44.2,7.1,20.2,35.4,19.4,24.8,78.2,11.1,32.4,43.5,19.6,15.4,7.1,5.6,5.7,21.7,21.4,-1.1,2010-11
319,Golden State Warriors,82,36,46,0.439,48.4,103.4,39.6,85.9,46.1,8.4,21.3,39.2,15.7,20.7,76.1,11.6,28.9,40.5,22.5,14.6,9.0,5.0,4.3,22.0,18.4,-2.3,2010-11
320,Milwaukee Bucks,82,35,47,0.427,48.4,91.9,34.3,79.8,43.0,5.9,17.2,34.2,17.4,22.9,75.7,10.5,30.2,40.8,18.8,13.5,7.5,4.9,4.8,20.5,20.7,-0.8,2010-11
321,Charlotte Bobcats,82,34,48,0.415,48.3,93.3,35.0,77.6,45.1,4.8,14.7,32.7,18.4,24.4,75.6,10.3,29.8,40.1,21.1,14.5,6.4,5.3,6.0,20.0,21.1,-4.0,2010-11
322,Los Angeles Clippers,82,32,50,0.39,48.4,98.6,36.8,80.4,45.7,6.3,18.5,33.8,18.9,26.7,70.7,11.6,30.5,42.1,22.1,16.4,7.1,4.9,4.9,21.1,22.1,-3.1,2010-11
323,Detroit Pistons,82,30,52,0.366,48.5,97.0,37.3,81.1,46.0,5.8,15.3,37.6,16.7,22.6,73.7,11.4,27.3,38.6,21.1,13.0,7.3,4.0,4.6,19.9,18.8,-3.6,2010-11
324,New Jersey Nets,82,24,58,0.293,48.8,94.2,35.6,81.0,44.0,5.6,16.3,34.3,17.4,22.9,75.9,11.1,29.8,40.8,21.0,14.0,5.6,4.7,4.6,22.0,20.0,-6.2,2010-11
325,Sacramento Kings,82,24,58,0.293,48.4,99.4,38.2,85.1,44.9,5.2,15.6,33.5,17.7,24.2,73.4,13.1,30.8,43.9,20.4,16.1,7.4,4.8,5.7,22.0,21.0,-5.3,2010-11
326,Washington Wizards,82,23,59,0.28,48.6,97.3,37.2,84.0,44.3,4.8,14.4,33.2,18.2,24.4,74.5,12.4,29.0,41.3,19.4,15.3,8.1,6.1,5.0,22.6,20.3,-7.4,2010-11
327,Toronto Raptors,82,22,60,0.268,48.2,99.1,38.3,82.4,46.5,4.2,13.3,31.6,18.2,24.1,75.5,11.7,28.6,40.3,21.9,14.7,7.1,4.3,5.6,22.0,19.8,-6.3,2010-11
328,Cleveland Cavaliers,82,19,63,0.232,48.2,95.5,35.2,81.1,43.4,6.2,18.2,34.2,18.9,25.3,74.5,10.4,29.9,40.3,21.0,14.2,6.6,4.2,6.0,20.1,21.3,-9.0,2010-11
329,Minnesota Timberwolves,82,17,65,0.207,48.2,101.1,37.7,85.5,44.1,7.2,19.1,37.6,18.5,24.1,76.8,13.2,31.2,44.4,20.1,17.0,7.2,5.1,5.5,22.3,20.9,-6.6,2010-11
330,Cleveland Cavaliers,82,61,21,0.744,48.2,102.1,37.8,77.9,48.5,7.3,19.3,38.1,19.1,26.6,72.0,9.6,32.8,42.5,22.4,13.9,6.9,5.2,4.0,19.4,20.8,6.5,2009-10
331,Orlando Magic,82,59,23,0.72,48.1,102.8,36.6,78.0,47.0,10.3,27.3,37.5,19.2,26.5,72.4,9.9,33.4,43.2,19.7,14.1,6.2,5.6,3.5,19.9,22.2,7.5,2009-10
332,Los Angeles Lakers,82,57,25,0.695,48.4,101.7,38.3,83.8,45.7,6.5,19.0,34.1,18.5,24.2,76.5,11.9,32.5,44.3,21.1,13.4,7.5,4.9,4.4,19.4,21.2,4.7,2009-10
333,Dallas Mavericks,82,55,27,0.671,48.5,102.0,38.3,82.4,46.4,6.8,18.3,37.2,18.6,22.8,81.6,10.2,31.5,41.7,23.4,12.9,7.6,5.5,4.1,19.1,20.1,2.7,2009-10
334,Phoenix Suns,82,54,28,0.659,48.1,110.2,40.7,82.8,49.2,8.9,21.6,41.2,19.9,25.8,77.0,11.1,31.9,43.0,23.3,14.8,5.8,5.1,4.5,20.9,21.8,4.9,2009-10
335,Atlanta Hawks,82,53,29,0.646,48.4,101.7,38.8,82.9,46.8,6.4,17.7,36.0,17.7,23.3,75.9,11.8,29.9,41.7,21.8,12.0,7.2,5.0,4.4,19.9,19.3,4.7,2009-10
336,Denver Nuggets,82,53,29,0.646,48.2,106.5,38.1,81.4,46.8,6.6,18.5,35.9,23.6,30.6,77.2,10.8,30.5,41.4,21.0,13.9,8.3,5.1,5.3,22.5,23.7,4.1,2009-10
337,Utah Jazz,82,53,29,0.646,48.2,104.2,39.4,80.2,49.1,5.4,14.7,36.4,20.2,27.2,74.1,10.6,31.6,42.2,26.7,15.2,8.2,4.9,5.4,22.7,22.2,5.3,2009-10
338,Boston Celtics,82,50,32,0.61,48.2,99.2,37.1,76.8,48.3,6.1,17.5,34.8,19.0,25.5,74.6,8.7,29.9,38.6,23.5,14.9,8.5,4.9,4.7,22.1,21.7,3.7,2009-10
339,Oklahoma City Thunder,82,50,32,0.61,48.3,101.5,37.4,80.8,46.2,5.1,15.0,34.0,21.7,27.0,80.5,11.7,31.8,43.5,20.0,15.0,8.0,5.9,4.7,21.3,21.4,3.5,2009-10
340,Portland Trail Blazers,82,50,32,0.61,48.4,98.1,36.3,78.7,46.1,6.0,16.9,35.4,19.6,24.8,79.0,11.1,29.1,40.2,20.4,12.3,6.4,4.3,4.1,20.9,21.5,3.3,2009-10
341,San Antonio Spurs,82,50,32,0.61,48.2,101.4,38.4,81.2,47.3,6.8,18.9,35.8,17.8,24.0,74.0,10.8,32.0,42.8,22.3,13.6,6.3,4.6,5.1,20.4,20.4,5.1,2009-10
342,Miami Heat,82,47,35,0.573,48.5,96.5,36.4,79.5,45.8,6.0,17.4,34.6,17.7,23.5,75.2,10.7,31.1,41.8,18.9,13.2,7.4,5.6,4.3,20.9,20.0,2.3,2009-10
343,Milwaukee Bucks,82,46,36,0.561,48.7,97.7,37.2,85.3,43.6,7.9,22.1,35.6,15.4,20.4,75.5,11.8,31.2,43.0,21.2,13.2,7.1,4.7,5.1,22.2,20.3,1.7,2009-10
344,Charlotte Bobcats,82,44,38,0.537,48.5,95.3,34.9,76.9,45.3,5.6,16.2,34.6,20.0,26.6,75.1,10.5,30.4,40.8,20.2,15.7,7.7,5.4,6.1,19.5,22.0,1.5,2009-10
345,Houston Rockets,82,42,40,0.512,48.5,102.4,37.7,84.4,44.7,7.9,22.4,35.1,19.0,24.7,77.2,11.8,30.1,42.0,21.8,14.5,7.1,3.9,6.5,20.9,22.4,-0.4,2009-10
346,Chicago Bulls,82,41,41,0.5,48.5,97.5,37.6,83.2,45.1,4.3,13.0,33.0,18.0,23.9,75.4,11.4,33.1,44.5,20.8,14.3,6.5,5.8,5.3,20.1,20.0,-1.6,2009-10
347,Memphis Grizzlies,82,40,42,0.488,48.5,102.5,39.3,83.8,46.9,4.2,12.4,33.7,19.7,26.9,73.3,13.0,30.4,43.5,18.8,15.2,7.9,4.9,6.1,20.2,22.4,-1.5,2009-10
348,Toronto Raptors,82,40,42,0.488,48.2,104.1,39.0,80.9,48.2,6.3,17.0,37.1,19.7,25.8,76.4,9.8,30.6,40.4,22.0,13.4,5.7,4.7,4.4,22.2,21.1,-1.8,2009-10
349,New Orleans Hornets,82,37,45,0.451,48.4,100.2,38.8,83.4,46.4,7.0,19.2,36.3,15.8,20.3,77.8,10.4,29.9,40.3,22.3,13.5,7.6,3.7,4.5,19.6,19.5,-2.5,2009-10
350,Indiana Pacers,82,32,50,0.39,48.1,100.8,36.8,83.2,44.3,8.0,23.1,34.8,19.1,24.6,77.5,9.6,31.9,41.5,21.1,15.0,7.1,5.4,5.0,22.5,20.8,-3.0,2009-10
351,Los Angeles Clippers,82,29,53,0.354,48.1,95.7,36.6,80.5,45.5,5.9,17.8,33.2,16.6,22.8,73.0,11.3,30.5,41.8,22.1,15.7,6.5,5.7,4.4,19.3,19.4,-6.4,2009-10
352,New York Knicks,82,29,53,0.354,48.5,102.1,38.1,83.9,45.5,9.1,26.2,34.6,16.8,21.5,78.2,10.2,30.2,40.4,21.6,14.0,7.1,3.7,4.5,20.0,19.2,-3.8,2009-10
353,Detroit Pistons,82,27,55,0.329,48.2,94.0,35.9,80.5,44.5,4.6,14.5,31.4,17.7,24.4,72.8,12.8,27.3,40.2,19.4,13.4,7.3,3.8,4.9,22.2,20.8,-5.1,2009-10
354,Philadelphia 76ers,82,27,55,0.329,48.3,97.7,37.6,81.8,46.0,5.8,16.8,34.3,16.7,22.0,75.6,11.5,29.5,41.0,21.0,14.5,8.1,5.4,4.0,20.5,18.7,-3.9,2009-10
355,Golden State Warriors,82,26,56,0.317,48.1,108.8,40.6,86.5,46.9,7.7,20.6,37.5,19.9,25.4,78.2,9.2,29.2,38.4,22.4,14.7,9.3,4.1,5.0,23.0,21.4,-3.6,2009-10
356,Washington Wizards,82,26,56,0.317,48.4,96.2,36.7,81.7,44.9,5.3,14.9,35.3,17.6,23.1,76.2,11.8,30.0,41.8,19.0,14.9,6.0,5.1,5.1,21.4,20.5,-4.8,2009-10
357,Sacramento Kings,82,25,57,0.305,48.5,100.0,38.3,84.1,45.6,5.9,16.9,34.9,17.4,24.0,72.6,11.9,30.7,42.6,20.5,15.0,6.9,4.5,5.7,22.3,20.1,-4.4,2009-10
358,Minnesota Timberwolves,82,15,67,0.183,48.2,98.2,37.9,84.4,44.9,4.9,14.4,34.1,17.5,23.5,74.6,11.7,31.2,42.9,19.8,16.3,7.3,3.7,5.4,20.7,20.6,-9.6,2009-10
359,New Jersey Nets,82,12,70,0.146,48.2,92.4,34.3,79.9,42.9,4.6,14.5,31.8,19.2,24.6,78.0,10.9,28.8,39.7,18.8,14.4,7.0,4.8,5.1,20.0,20.1,-9.1,2009-10
360,Cleveland Cavaliers,82,66,16,0.805,48.2,100.3,36.9,78.7,46.8,8.0,20.4,39.3,18.6,24.5,75.7,10.8,31.4,42.2,20.3,12.7,7.2,5.3,4.1,20.3,20.3,8.9,2008-09
361,Los Angeles Lakers,82,65,17,0.793,48.2,106.9,40.3,85.1,47.4,6.7,18.5,36.1,19.6,25.5,77.0,12.4,31.5,43.9,23.3,13.5,8.8,5.1,4.8,20.7,22.1,7.7,2008-09
362,Boston Celtics,82,62,20,0.756,48.5,100.9,37.5,77.2,48.6,6.6,16.5,39.7,19.4,25.3,76.5,10.6,31.5,42.1,22.7,15.6,7.6,4.7,4.7,23.1,22.2,7.5,2008-09
363,Orlando Magic,82,59,23,0.72,48.1,101.0,35.7,78.2,45.7,10.0,26.2,38.1,19.6,27.5,71.5,10.0,33.3,43.3,19.4,13.9,7.0,5.4,3.8,20.3,22.4,6.7,2008-09
364,Denver Nuggets,82,54,28,0.659,48.1,104.3,37.3,79.4,47.0,6.7,18.0,37.1,23.1,30.3,76.0,11.0,30.6,41.6,22.2,15.3,8.7,6.0,5.5,22.9,23.7,3.4,2008-09
365,Portland Trail Blazers,82,54,28,0.659,48.4,99.4,36.8,79.2,46.5,7.3,19.0,38.3,18.5,24.2,76.5,12.9,28.8,41.7,20.3,12.9,6.7,4.9,3.9,20.4,21.1,5.3,2008-09
366,San Antonio Spurs,82,54,28,0.659,48.5,97.0,37.1,79.7,46.6,7.6,19.8,38.6,15.2,20.0,76.1,8.9,32.2,41.0,21.2,11.7,5.8,4.0,4.3,18.9,18.4,3.8,2008-09
367,Houston Rockets,82,53,29,0.646,48.3,98.4,36.1,79.6,45.3,7.6,20.2,37.5,18.7,23.2,80.5,10.5,32.5,43.0,20.3,14.1,6.7,4.3,5.3,18.9,20.6,4.0,2008-09
368,Dallas Mavericks,82,50,32,0.61,48.3,101.7,38.1,82.6,46.2,7.0,19.9,35.0,18.5,22.6,81.9,11.1,31.6,42.7,21.7,12.7,7.2,5.2,4.1,19.5,20.1,2.0,2008-09
369,New Orleans Hornets,82,49,33,0.598,48.2,95.8,35.5,77.6,45.7,6.8,18.6,36.4,18.0,22.4,80.7,9.8,29.9,39.7,19.6,12.5,7.2,4.1,3.5,20.3,20.4,1.5,2008-09
370,Utah Jazz,82,48,34,0.585,48.5,103.6,38.3,80.8,47.5,4.8,13.7,34.9,22.1,28.7,77.1,11.5,29.5,41.0,24.7,14.8,8.8,4.6,5.2,22.3,24.0,2.6,2008-09
371,Atlanta Hawks,82,47,35,0.573,48.1,98.1,36.0,78.7,45.8,7.3,19.9,36.6,18.7,25.4,73.7,10.6,29.4,40.0,20.2,12.8,7.4,4.6,4.3,19.6,20.5,1.6,2008-09
372,Phoenix Suns,82,46,36,0.561,48.2,109.4,41.1,81.6,50.4,6.7,17.6,38.3,20.4,27.5,74.4,11.0,30.7,41.7,23.2,15.7,7.2,5.1,4.5,20.6,22.9,1.9,2008-09
373,Miami Heat,82,43,39,0.524,48.7,98.3,37.0,81.0,45.7,7.1,19.9,35.7,17.2,22.8,75.4,10.1,29.4,39.5,20.4,12.5,7.9,5.5,4.1,20.7,19.9,0.3,2008-09
374,Chicago Bulls,82,41,41,0.5,48.6,102.2,38.1,83.5,45.7,6.0,15.8,38.1,19.9,25.0,79.6,11.8,30.3,42.1,21.1,14.5,7.5,5.5,5.5,20.8,20.8,-0.3,2008-09
375,Philadelphia 76ers,82,41,41,0.5,48.2,97.4,36.5,79.7,45.9,4.2,13.1,31.8,20.1,27.0,74.5,12.7,28.5,41.2,20.1,14.1,8.0,5.1,4.9,20.1,21.8,0.1,2008-09
376,Detroit Pistons,82,39,43,0.476,48.5,94.2,36.4,80.0,45.4,4.6,13.2,34.9,16.9,22.5,75.1,11.6,29.9,41.4,20.6,11.9,6.0,4.6,4.2,20.9,19.7,-0.5,2008-09
377,Indiana Pacers,82,36,46,0.439,48.4,105.1,39.3,86.3,45.5,8.0,21.0,37.8,18.6,23.0,80.7,11.3,32.5,43.7,21.6,14.5,7.0,5.3,5.4,23.1,20.6,-1.1,2008-09
378,Charlotte Bobcats,82,35,47,0.427,48.6,93.6,35.0,76.8,45.5,6.0,16.3,36.6,17.7,24.0,74.0,10.8,28.9,39.7,21.2,15.6,7.1,4.8,6.0,21.4,20.9,-1.3,2008-09
379,Milwaukee Bucks,82,34,48,0.415,48.2,99.3,36.7,82.4,44.5,6.2,17.2,36.3,19.7,25.2,78.0,11.9,28.9,40.7,22.0,14.1,7.4,3.8,4.6,24.2,22.5,-1.1,2008-09
380,New Jersey Nets,82,34,48,0.415,48.4,98.1,35.7,79.7,44.8,8.0,21.2,37.6,18.8,24.1,77.9,10.4,29.5,39.8,20.0,13.1,6.8,4.8,4.8,22.4,20.5,-2.4,2008-09
381,Toronto Raptors,82,33,49,0.402,48.3,99.0,37.2,81.4,45.8,5.8,15.7,37.2,18.7,22.7,82.4,9.8,30.6,40.4,22.4,13.4,6.4,4.8,4.7,19.4,20.1,-2.8,2008-09
382,New York Knicks,82,32,50,0.39,48.3,105.2,38.5,86.5,44.5,10.0,27.9,36.0,18.2,23.2,78.4,11.1,31.0,42.1,21.2,14.3,7.4,2.5,5.3,20.4,19.4,-2.6,2008-09
383,Golden State Warriors,82,29,53,0.354,48.5,108.6,39.4,86.0,45.8,6.7,18.0,37.3,23.1,29.2,79.1,11.6,30.4,42.0,20.9,14.6,7.8,6.4,5.0,22.5,23.5,-3.7,2008-09
384,Memphis Grizzlies,82,24,58,0.293,48.3,93.9,34.9,77.0,45.4,4.9,13.5,36.0,19.1,25.3,75.6,10.3,28.5,38.8,17.4,15.3,7.5,4.7,5.4,21.7,21.8,-5.5,2008-09
385,Minnesota Timberwolves,82,24,58,0.293,48.3,97.8,36.4,82.5,44.1,6.6,18.8,35.3,18.3,23.9,76.9,11.9,29.8,41.7,20.4,14.2,6.2,3.9,5.9,21.8,20.0,-4.9,2008-09
386,Oklahoma City Thunder,82,23,59,0.28,48.3,97.0,36.6,81.9,44.7,4.0,11.6,34.6,19.8,25.2,78.6,12.2,30.5,42.6,20.3,16.2,7.4,4.5,5.0,20.2,20.2,-6.1,2008-09
387,Los Angeles Clippers,82,19,63,0.232,48.5,95.1,36.0,81.7,44.1,6.5,18.5,35.4,16.5,22.4,73.6,10.9,29.0,39.8,21.0,14.9,7.0,5.9,5.0,20.1,19.6,-8.8,2008-09
388,Washington Wizards,82,19,63,0.232,48.1,96.1,36.5,81.2,45.0,4.8,14.6,33.0,18.2,23.8,76.7,11.7,28.4,40.1,20.0,14.0,7.5,4.5,5.3,20.5,20.0,-7.5,2008-09
389,Sacramento Kings,82,17,65,0.207,48.5,100.6,36.5,81.5,44.7,7.1,19.4,36.8,20.5,25.7,79.8,10.2,28.9,39.1,19.7,15.4,6.9,4.3,5.2,23.3,21.2,-8.8,2008-09
390,Boston Celtics,82,66,16,0.805,48.2,100.5,36.4,76.7,47.5,7.3,19.1,38.1,20.5,26.5,77.1,10.1,31.9,42.0,22.4,15.2,8.5,4.6,4.7,22.7,22.2,10.3,2007-08
391,Detroit Pistons,82,59,23,0.72,48.1,97.5,36.6,79.9,45.8,5.9,16.2,36.6,18.4,24.0,76.7,11.9,29.5,41.4,22.3,11.7,7.1,5.8,3.9,20.6,19.7,7.4,2007-08
392,Los Angeles Lakers,82,57,25,0.695,48.2,108.6,39.6,83.1,47.6,8.1,21.4,37.8,21.3,27.7,76.9,11.0,33.2,44.1,24.4,14.1,8.0,5.3,4.5,20.6,22.6,7.3,2007-08
393,New Orleans Hornets,82,56,26,0.683,48.3,100.9,38.6,82.9,46.6,7.7,19.8,38.9,16.0,20.8,76.9,11.4,30.4,41.8,21.8,11.9,7.8,3.9,4.0,18.7,19.2,5.3,2007-08
394,San Antonio Spurs,82,56,26,0.683,48.1,95.4,35.8,78.3,45.7,7.2,19.6,36.9,16.5,21.6,76.1,9.4,31.9,41.3,21.0,12.6,6.4,4.1,4.4,18.7,19.8,4.8,2007-08
395,Houston Rockets,82,55,27,0.671,48.1,96.7,36.6,81.7,44.8,7.1,20.8,34.2,16.4,22.5,72.6,12.2,32.4,44.6,21.4,13.7,7.3,5.1,4.6,19.6,19.7,4.7,2007-08
396,Phoenix Suns,82,55,27,0.671,48.2,110.1,41.4,82.7,50.0,8.5,21.5,39.3,18.9,24.1,78.3,8.8,32.7,41.5,26.7,14.4,6.5,6.3,3.8,19.9,21.1,5.0,2007-08
397,Utah Jazz,82,54,28,0.659,48.1,106.2,40.0,80.4,49.7,5.0,13.4,37.2,21.3,28.0,75.9,11.5,29.4,40.9,26.4,14.6,8.7,4.3,5.1,24.0,23.1,6.9,2007-08
398,Orlando Magic,82,52,30,0.634,48.2,104.5,37.3,78.6,47.4,9.8,25.3,38.6,20.1,27.9,72.1,9.4,32.6,42.0,20.8,14.3,6.3,4.1,4.2,20.6,23.1,5.5,2007-08
399,Dallas Mavericks,82,51,31,0.622,48.1,100.4,36.9,79.5,46.4,6.0,17.1,35.2,20.6,25.3,81.4,10.8,32.2,43.0,21.0,12.6,6.0,4.9,4.4,21.8,21.2,4.5,2007-08
400,Denver Nuggets,82,50,32,0.61,48.4,110.7,40.3,85.8,47.0,6.9,19.6,35.5,23.1,30.7,75.1,11.2,32.9,44.1,24.7,14.7,9.2,6.7,4.8,21.1,23.8,3.7,2007-08
401,Golden State Warriors,82,48,34,0.585,48.2,111.0,41.5,90.3,45.9,9.3,26.6,34.8,18.8,24.9,75.2,12.7,30.4,43.2,22.4,13.2,9.1,4.6,5.0,22.9,21.2,2.2,2007-08
402,Cleveland Cavaliers,82,45,37,0.549,48.4,96.4,35.8,81.7,43.9,6.7,18.8,35.8,18.0,25.1,71.7,13.3,31.3,44.6,20.0,14.0,7.1,5.2,4.7,20.9,20.3,-0.4,2007-08
403,Washington Wizards,82,43,39,0.524,48.5,98.8,36.4,81.6,44.6,7.0,19.7,35.6,19.0,24.3,78.2,12.3,29.3,41.6,19.6,13.2,7.7,4.8,4.4,19.6,20.2,-0.3,2007-08
404,Portland Trail Blazers,82,41,41,0.5,48.5,95.4,35.8,79.8,44.8,6.6,17.4,37.7,17.2,22.5,76.7,11.0,29.7,40.7,21.1,12.9,5.5,4.4,3.7,20.0,20.2,-1.0,2007-08
405,Toronto Raptors,82,41,41,0.5,48.4,100.2,38.4,82.0,46.8,7.0,17.8,39.2,16.4,20.2,81.2,9.6,30.4,40.1,23.8,11.7,7.0,4.1,4.1,19.5,18.4,2.9,2007-08
406,Philadelphia 76ers,82,40,42,0.488,48.2,96.6,37.3,81.1,46.0,3.7,11.6,31.7,18.4,26.1,70.6,13.0,28.9,41.9,20.4,14.3,8.7,4.9,5.1,19.8,20.8,0.4,2007-08
407,Sacramento Kings,82,38,44,0.463,48.4,102.5,37.1,80.0,46.4,6.2,16.7,37.3,22.1,27.7,79.8,10.1,30.0,40.1,19.1,16.1,7.9,4.1,5.5,22.4,23.1,-2.3,2007-08
408,Atlanta Hawks,82,37,45,0.451,48.4,98.2,36.3,79.9,45.4,4.7,13.1,35.6,21.0,27.2,77.2,12.3,29.9,42.2,22.0,14.9,7.3,5.5,5.1,20.4,21.9,-1.8,2007-08
409,Indiana Pacers,82,36,46,0.439,48.2,104.0,37.8,85.3,44.4,9.2,24.6,37.4,19.1,24.9,76.8,11.0,32.1,43.1,22.7,15.1,7.6,5.0,5.1,23.4,21.7,-1.4,2007-08
410,New Jersey Nets,82,34,48,0.415,48.4,95.8,34.8,78.7,44.3,6.1,17.4,34.8,20.1,27.3,73.6,11.1,30.7,41.9,23.5,15.0,6.4,4.8,4.4,22.6,22.4,-5.1,2007-08
411,Chicago Bulls,82,33,49,0.402,48.3,97.3,36.4,83.7,43.5,5.8,15.9,36.3,18.7,24.7,75.6,12.8,30.2,43.0,22.1,14.6,7.7,5.2,5.7,21.8,21.3,-3.1,2007-08
412,Charlotte Bobcats,82,32,50,0.39,48.5,97.1,36.1,79.9,45.2,6.5,17.6,36.7,18.4,25.8,71.4,10.9,29.8,40.6,21.3,14.7,7.5,4.9,5.8,21.7,21.0,-4.4,2007-08
413,Milwaukee Bucks,82,26,56,0.317,48.4,97.0,36.9,82.3,44.9,5.5,16.0,34.4,17.7,24.1,73.3,12.9,28.8,41.7,21.5,14.8,6.6,4.4,4.9,21.3,21.1,-6.9,2007-08
414,Los Angeles Clippers,82,23,59,0.28,48.3,93.8,34.4,78.6,43.8,4.3,13.2,32.4,20.8,26.6,78.1,9.8,30.4,40.1,21.1,14.4,6.8,4.9,4.7,21.3,21.6,-7.3,2007-08
415,New York Knicks,82,23,59,0.28,48.5,96.9,36.2,82.4,43.9,6.0,17.7,33.7,18.6,25.5,72.7,12.5,30.0,42.5,18.7,14.5,6.4,2.6,5.2,21.5,20.3,-6.6,2007-08
416,Memphis Grizzlies,82,22,60,0.268,48.3,100.7,37.3,82.2,45.4,7.6,21.7,34.9,18.5,25.6,72.3,10.3,31.3,41.6,19.2,15.3,6.1,4.7,4.9,19.4,22.5,-6.2,2007-08
417,Minnesota Timberwolves,82,22,60,0.268,48.1,95.6,37.5,83.1,45.1,5.4,15.4,35.0,15.2,20.6,73.6,11.8,29.6,41.4,19.9,14.5,7.5,3.7,5.7,23.0,17.5,-6.8,2007-08
418,Seattle SuperSonics,82,20,62,0.244,48.4,97.5,38.1,85.8,44.4,3.8,11.5,33.3,17.5,22.8,77.0,11.8,32.8,44.6,21.3,16.0,6.5,4.9,5.4,20.5,19.6,-8.8,2007-08
419,Miami Heat,82,15,67,0.183,48.4,91.4,34.2,77.3,44.3,6.0,16.7,35.8,16.9,23.2,72.7,9.1,28.6,37.6,20.0,14.7,7.2,4.3,4.2,20.4,20.1,-8.6,2007-08
420,Dallas Mavericks,82,67,15,0.817,48.2,100.0,36.7,78.6,46.7,6.5,17.1,38.1,20.1,24.9,80.5,11.2,30.7,41.9,19.9,13.9,6.8,5.0,3.8,22.4,22.1,7.2,2006-07
421,Phoenix Suns,82,61,21,0.744,48.5,110.2,41.3,83.6,49.4,9.6,24.0,39.9,18.0,22.3,80.8,9.0,31.5,40.5,25.9,14.5,6.7,4.8,3.7,20.2,21.5,7.3,2006-07
422,San Antonio Spurs,82,58,24,0.707,48.2,98.5,36.6,77.2,47.4,7.3,19.0,38.1,18.1,24.1,75.1,9.3,31.4,40.7,22.1,13.9,7.2,5.1,4.1,19.4,21.2,8.4,2006-07
423,Detroit Pistons,82,53,29,0.646,48.5,96.0,35.9,79.1,45.4,5.5,15.9,34.4,18.8,24.2,77.4,11.6,29.0,40.5,21.6,12.2,7.1,5.8,3.5,20.4,20.3,4.2,2006-07
424,Houston Rockets,82,52,30,0.634,48.4,97.0,35.4,79.6,44.5,8.6,23.1,37.2,17.5,23.2,75.3,10.7,32.6,43.3,20.8,14.2,7.1,4.1,4.3,20.9,19.9,4.9,2006-07
425,Utah Jazz,82,51,31,0.622,48.3,101.5,37.4,78.9,47.4,4.3,12.9,33.5,22.3,30.0,74.3,12.6,30.0,42.5,24.7,15.6,7.0,4.1,5.3,25.2,24.5,2.9,2006-07
426,Cleveland Cavaliers,82,50,32,0.61,48.5,96.8,36.3,81.2,44.7,6.0,17.1,35.2,18.1,26.0,69.6,12.7,30.8,43.5,20.8,14.4,7.6,4.3,4.3,21.7,22.0,3.8,2006-07
427,Chicago Bulls,82,49,33,0.598,48.2,98.8,37.1,81.3,45.7,5.9,15.1,38.8,18.6,25.4,73.4,12.0,31.7,43.7,22.3,16.0,7.8,5.4,5.3,23.3,23.2,5.0,2006-07
428,Toronto Raptors,82,47,35,0.573,48.2,99.5,37.0,79.8,46.3,6.5,17.9,36.3,19.0,24.2,78.8,9.2,30.2,39.5,22.2,13.5,7.1,3.9,3.9,20.4,21.8,1.0,2006-07
429,Denver Nuggets,82,45,37,0.549,48.2,105.4,38.6,83.0,46.5,5.9,17.6,33.6,22.3,29.9,74.6,12.2,31.2,43.4,23.4,16.5,8.3,5.3,5.2,21.4,23.7,1.6,2006-07
430,Miami Heat,82,44,38,0.537,48.4,94.6,35.6,76.7,46.4,6.4,18.8,34.3,17.0,24.6,69.0,10.0,30.8,40.8,20.5,14.6,6.9,5.4,3.8,21.3,21.8,-0.9,2006-07
431,Golden State Warriors,82,42,40,0.512,48.2,106.5,39.8,86.0,46.3,8.5,24.0,35.6,18.5,25.8,71.7,11.5,29.9,41.4,23.8,16.0,9.1,5.7,4.9,23.6,22.3,-0.3,2006-07
432,Los Angeles Lakers,82,42,40,0.512,48.9,103.3,37.8,81.3,46.6,7.4,21.0,35.3,20.2,27.1,74.7,10.8,30.4,41.2,22.6,15.5,7.3,5.1,5.0,23.0,23.4,-0.1,2006-07
433,New Jersey Nets,82,41,41,0.5,48.5,97.6,35.5,77.8,45.7,7.4,20.4,36.3,19.1,26.3,72.7,10.0,30.8,40.8,23.9,14.8,6.1,3.3,4.5,22.8,23.0,-0.8,2006-07
434,Washington Wizards,82,41,41,0.5,48.4,104.3,37.4,83.2,45.0,6.8,19.7,34.8,22.6,29.6,76.5,12.2,29.0,41.2,20.2,13.8,7.7,4.6,4.6,22.2,23.5,-0.5,2006-07
435,Los Angeles Clippers,82,40,42,0.488,48.1,95.6,35.1,77.0,45.6,3.8,11.0,34.8,21.6,27.4,78.8,10.8,30.3,41.1,21.5,15.1,7.3,5.8,3.9,22.7,22.3,-0.5,2006-07
436,Orlando Magic,82,40,42,0.488,48.2,94.8,35.1,74.3,47.2,4.2,11.7,35.6,20.5,29.2,70.2,11.2,29.5,40.7,18.6,17.0,6.9,5.1,4.6,23.2,23.4,0.8,2006-07
437,New Orleans/Oklahoma City Hornets,82,39,43,0.476,48.5,95.5,36.2,81.4,44.5,5.5,15.3,36.2,17.5,23.7,74.0,12.5,30.6,43.1,18.7,14.5,6.4,4.2,4.8,19.8,21.1,-1.6,2006-07
438,Indiana Pacers,82,35,47,0.427,48.2,95.6,35.0,80.0,43.8,5.9,16.9,34.6,19.7,25.9,76.0,12.1,29.8,41.8,20.5,16.3,7.3,5.5,5.0,23.3,23.7,-2.4,2006-07
439,Philadelphia 76ers,82,35,47,0.427,48.5,94.9,35.8,78.1,45.8,3.5,10.0,34.5,20.0,26.0,76.7,11.0,28.7,39.7,20.4,15.3,7.2,4.8,3.9,20.4,22.0,-3.0,2006-07
440,Charlotte Bobcats,82,33,49,0.402,48.8,96.9,36.1,81.0,44.6,5.6,15.6,35.7,19.1,26.0,73.4,11.2,28.6,39.8,22.4,14.9,7.8,4.5,5.3,24.2,21.8,-3.7,2006-07
441,New York Knicks,82,33,49,0.402,48.8,97.5,35.4,77.5,45.7,5.8,16.7,34.6,20.9,29.2,71.5,12.6,30.7,43.3,18.7,17.1,6.6,3.2,5.0,23.6,22.9,-2.9,2006-07
442,Sacramento Kings,82,33,49,0.402,48.3,101.3,35.9,79.7,45.0,6.5,18.5,35.0,23.1,30.2,76.5,9.7,29.2,38.9,20.3,14.6,8.2,3.2,4.9,21.9,24.3,-1.8,2006-07
443,Minnesota Timberwolves,82,32,50,0.39,48.8,96.1,36.5,79.3,46.1,4.7,13.3,35.3,18.3,23.1,79.2,10.0,30.2,40.1,22.5,15.6,6.5,4.0,4.4,21.4,20.5,-3.7,2006-07
444,Portland Trail Blazers,82,32,50,0.39,48.7,94.1,35.0,78.0,45.0,5.2,15.0,34.6,18.8,24.5,76.9,11.3,28.0,39.3,18.5,15.1,6.8,4.6,4.6,23.5,21.3,-4.3,2006-07
445,Seattle SuperSonics,82,31,51,0.378,48.4,99.1,37.2,80.8,46.0,6.4,17.7,36.2,18.4,23.3,79.1,11.3,28.3,39.6,20.7,15.5,7.7,3.7,4.2,22.0,19.9,-2.9,2006-07
446,Atlanta Hawks,82,30,52,0.366,48.5,93.7,34.5,77.7,44.4,4.2,12.7,32.9,20.5,26.9,76.1,11.9,28.2,40.1,19.2,15.9,7.4,5.4,5.1,24.0,22.6,-4.8,2006-07
447,Milwaukee Bucks,82,28,54,0.341,48.4,99.7,38.1,81.9,46.5,6.4,18.0,35.6,17.1,23.4,73.3,11.5,27.7,39.2,21.6,15.1,7.2,2.7,5.3,22.2,21.0,-4.4,2006-07
448,Boston Celtics,82,24,58,0.293,48.4,95.8,34.9,78.7,44.3,5.7,15.6,36.7,20.4,26.6,76.7,11.2,29.2,40.4,19.9,16.5,7.2,4.7,5.5,24.0,21.4,-3.4,2006-07
449,Memphis Grizzlies,82,22,60,0.268,48.7,101.6,36.6,78.6,46.5,6.1,16.6,36.7,22.4,29.4,76.1,10.6,29.0,39.5,20.5,16.4,6.9,5.0,5.5,22.3,24.3,-5.1,2006-07
450,Detroit Pistons,82,64,18,0.78,48.4,96.8,36.4,80.0,45.5,6.8,17.7,38.4,17.3,23.8,72.7,11.9,28.6,40.5,24.0,11.4,7.1,6.0,3.5,18.5,20.9,6.7,2005-06
451,San Antonio Spurs,82,63,19,0.768,48.3,95.6,36.5,77.3,47.2,6.4,16.6,38.5,16.2,23.1,70.2,10.4,31.1,41.5,20.9,13.7,6.6,5.7,4.2,20.9,20.6,6.8,2005-06
452,Dallas Mavericks,82,60,22,0.732,48.5,99.1,36.0,77.7,46.2,5.1,13.6,37.4,22.2,28.3,78.3,12.6,29.6,42.2,18.0,13.6,7.2,6.0,4.9,22.4,23.6,6.1,2005-06
453,Phoenix Suns,82,54,28,0.659,48.7,108.4,41.8,87.4,47.9,10.2,25.6,39.9,14.5,18.0,80.6,9.5,32.3,41.8,26.6,13.3,6.7,5.0,3.4,20.5,19.8,5.5,2005-06
454,Miami Heat,82,52,30,0.634,48.2,99.9,37.1,77.5,47.8,6.1,17.6,34.5,19.7,28.2,70.0,10.5,32.6,43.1,20.6,14.5,6.4,5.4,3.6,22.8,23.6,3.9,2005-06
455,Cleveland Cavaliers,82,50,32,0.61,48.4,97.6,35.5,78.2,45.4,6.1,17.9,33.9,20.6,28.3,72.9,11.7,30.6,42.3,19.0,13.9,6.9,4.8,4.4,21.1,22.5,2.2,2005-06
456,Memphis Grizzlies,82,49,33,0.598,48.4,92.2,33.5,74.7,44.8,7.2,19.2,37.4,18.0,25.3,71.1,10.2,29.0,39.2,19.3,13.8,7.3,5.4,5.6,21.4,22.8,3.7,2005-06
457,New Jersey Nets,82,49,33,0.598,48.2,93.8,33.9,77.0,44.0,5.8,17.6,33.0,20.2,26.7,75.8,10.0,31.0,41.0,23.0,13.6,6.8,3.4,4.0,23.2,23.0,1.4,2005-06
458,Los Angeles Clippers,82,47,35,0.573,48.3,97.2,36.5,78.6,46.5,3.5,10.3,34.4,20.7,26.1,79.1,10.1,33.0,43.1,20.8,14.5,6.5,6.1,4.3,22.8,21.7,1.6,2005-06
459,Los Angeles Lakers,82,45,37,0.549,48.4,99.4,36.5,80.6,45.3,6.7,19.3,34.9,19.7,26.5,74.5,11.8,30.3,42.2,21.1,13.9,7.7,4.3,4.3,23.1,23.5,2.5,2005-06
460,Denver Nuggets,82,44,38,0.537,48.6,100.3,37.5,81.4,46.1,4.3,13.1,32.5,21.0,28.2,74.4,11.0,30.3,41.3,23.4,14.8,8.5,5.6,5.3,22.7,23.3,0.2,2005-06
461,Sacramento Kings,82,44,38,0.537,48.4,98.9,36.0,79.3,45.4,6.0,17.2,35.1,20.8,26.5,78.4,10.4,30.2,40.5,22.3,14.6,7.4,3.6,4.9,20.4,22.8,1.5,2005-06
462,Washington Wizards,82,42,40,0.512,48.4,101.7,36.3,81.2,44.7,6.1,17.0,35.7,23.0,30.4,75.7,12.6,28.6,41.2,18.6,13.9,8.0,4.1,4.2,22.6,25.0,1.9,2005-06
463,Chicago Bulls,82,41,41,0.5,48.5,97.8,36.6,82.2,44.6,6.8,18.0,37.9,17.7,24.0,73.8,11.0,31.7,42.8,22.0,14.9,6.2,4.2,5.1,24.9,23.0,0.6,2005-06
464,Indiana Pacers,82,41,41,0.5,48.1,93.9,34.0,76.5,44.4,6.5,18.7,34.9,19.4,26.3,73.7,11.0,31.2,42.2,19.9,15.3,7.3,5.0,4.9,22.2,22.0,1.9,2005-06
465,Utah Jazz,82,41,41,0.5,48.5,92.4,33.5,75.7,44.2,3.8,11.3,33.6,21.6,30.1,71.9,13.1,29.0,42.1,21.6,15.7,6.4,6.0,5.6,24.8,25.7,-2.6,2005-06
466,Milwaukee Bucks,82,40,42,0.488,48.4,97.8,36.3,80.1,45.3,6.2,16.3,38.0,19.0,25.8,73.8,11.3,29.9,41.2,21.6,14.6,7.3,3.3,5.0,23.2,23.6,-1.0,2005-06
467,New Orleans/Oklahoma City Hornets,82,38,44,0.463,48.3,92.8,34.5,78.4,44.0,3.7,10.8,33.9,20.1,26.5,75.8,11.2,29.0,40.2,18.5,13.4,7.5,3.8,5.3,21.8,23.3,-2.8,2005-06
468,Philadelphia 76ers,82,38,44,0.463,48.5,99.4,36.6,79.8,45.8,4.6,12.6,36.4,21.6,28.4,76.0,10.6,29.6,40.2,20.2,14.1,7.9,4.9,4.7,20.9,23.1,-2.0,2005-06
469,Orlando Magic,82,36,46,0.439,48.5,94.9,35.5,75.2,47.2,3.6,9.7,37.6,20.3,27.8,73.0,10.9,29.3,40.2,18.2,15.1,6.5,4.4,4.7,23.3,23.2,-1.1,2005-06
470,Seattle SuperSonics,82,35,47,0.427,48.4,102.6,37.5,81.8,45.9,7.4,19.9,37.1,20.1,25.7,78.5,12.4,27.2,39.6,20.7,14.7,7.6,3.7,4.9,23.6,22.2,-3.0,2005-06
471,Golden State Warriors,82,34,48,0.415,48.4,98.5,35.8,82.7,43.3,7.6,22.3,34.1,19.2,26.7,71.8,12.0,30.3,42.3,20.7,14.1,7.4,4.3,5.0,23.7,23.4,-1.4,2005-06
472,Houston Rockets,82,34,48,0.415,48.4,90.1,33.0,76.2,43.3,5.7,17.2,33.2,18.3,24.1,75.9,10.4,31.3,41.6,19.3,14.5,7.2,3.9,4.5,22.7,20.9,-1.6,2005-06
473,Boston Celtics,82,33,49,0.402,48.5,98.0,36.0,77.1,46.7,5.7,15.7,36.2,20.3,26.9,75.5,9.9,29.7,39.6,20.9,16.6,7.0,5.1,4.9,24.8,22.4,-1.5,2005-06
474,Minnesota Timberwolves,82,33,49,0.402,48.4,91.7,35.2,77.3,45.6,3.8,11.5,32.9,17.5,23.1,75.8,9.9,29.5,39.4,20.9,14.5,6.8,5.7,4.6,23.0,21.2,-1.9,2005-06
475,Toronto Raptors,82,27,55,0.329,48.7,101.1,36.7,81.0,45.4,7.4,19.8,37.5,20.2,25.5,79.1,10.5,27.9,38.5,19.4,13.1,6.5,3.3,4.4,24.0,22.4,-3.0,2005-06
476,Atlanta Hawks,82,26,56,0.317,48.5,97.2,35.9,79.2,45.4,5.2,14.1,36.7,20.2,26.9,75.0,13.0,27.2,40.3,19.8,15.7,7.2,4.8,5.1,25.0,22.6,-4.8,2005-06
477,Charlotte Bobcats,82,26,56,0.317,48.5,96.9,36.1,83.5,43.3,5.2,15.4,33.9,19.4,26.7,72.9,12.1,27.7,39.8,20.9,14.2,10.0,4.3,5.4,23.9,23.5,-4.0,2005-06
478,New York Knicks,82,23,59,0.28,48.6,95.6,34.4,75.7,45.5,3.9,10.8,36.2,22.9,31.5,72.6,12.6,28.8,41.4,17.9,17.7,6.8,3.3,5.3,26.3,25.0,-6.4,2005-06
479,Portland Trail Blazers,82,21,61,0.256,48.1,88.8,34.0,76.4,44.5,4.4,12.7,34.9,16.3,23.7,68.9,10.8,26.9,37.7,18.2,14.7,6.5,5.3,4.9,22.3,20.8,-9.5,2005-06
480,Phoenix Suns,82,62,20,0.756,48.2,110.4,40.9,85.6,47.7,9.7,24.7,39.3,19.0,25.4,74.8,11.8,32.3,44.1,23.5,13.7,7.0,5.5,4.2,19.1,0.0,7.1,2004-05
481,Miami Heat,82,59,23,0.72,48.7,101.5,37.8,77.7,48.6,5.8,15.4,37.7,20.2,30.1,67.2,10.8,32.2,43.0,21.8,13.7,6.4,5.8,3.2,22.1,0.0,6.5,2004-05
482,San Antonio Spurs,82,59,23,0.72,48.3,96.2,35.6,78.7,45.3,6.2,17.0,36.3,18.7,25.9,72.4,12.0,30.4,42.4,21.6,13.7,7.5,6.6,5.1,20.9,0.0,7.8,2004-05
483,Dallas Mavericks,82,58,24,0.707,48.1,102.5,37.3,81.6,45.7,5.6,15.5,36.4,22.3,28.2,78.9,12.1,30.9,42.9,19.6,13.4,8.6,5.6,4.9,22.3,0.0,5.7,2004-05
484,Detroit Pistons,82,54,28,0.659,48.7,93.3,34.8,78.3,44.4,4.4,12.8,34.5,19.4,26.2,73.9,12.9,30.6,43.4,21.8,13.8,7.0,6.1,4.5,20.0,0.0,3.9,2004-05
485,Seattle SuperSonics,82,52,30,0.634,48.2,98.9,35.1,79.2,44.4,8.1,22.2,36.5,20.5,26.0,79.0,12.7,28.2,40.9,18.1,13.6,6.7,4.1,4.8,23.7,0.1,2.3,2004-05
486,Houston Rockets,82,51,31,0.622,48.4,95.1,34.7,78.3,44.3,6.7,18.5,36.4,18.9,24.2,78.1,10.7,31.7,42.4,21.1,13.8,6.9,4.6,4.1,22.0,0.0,4.0,2004-05
487,Sacramento Kings,82,50,32,0.61,48.4,103.7,39.1,85.1,45.9,6.4,17.0,37.4,19.2,24.4,78.7,12.5,29.9,42.4,24.5,13.1,8.2,3.9,4.5,20.5,0.0,2.2,2004-05
488,Denver Nuggets,82,49,33,0.598,48.2,99.5,37.0,80.7,45.9,3.9,11.5,34.0,21.5,28.2,76.3,11.8,30.2,42.0,23.9,14.9,9.1,6.0,5.6,22.9,0.1,2.0,2004-05
489,Chicago Bulls,82,47,35,0.573,48.4,94.5,34.7,80.4,43.2,6.2,17.5,35.7,18.7,25.0,75.0,12.2,31.6,43.8,21.3,16.7,7.0,4.5,5.3,24.7,0.1,1.1,2004-05
490,Boston Celtics,82,45,37,0.549,48.5,101.3,37.1,79.4,46.8,5.3,15.3,34.9,21.6,28.3,76.4,11.1,29.7,40.8,22.1,15.8,8.1,5.2,4.9,24.4,0.0,0.9,2004-05
491,Memphis Grizzlies,82,45,37,0.549,48.1,93.4,34.2,76.5,44.7,6.5,18.1,35.7,18.6,24.7,75.4,10.8,28.1,39.0,20.9,14.6,8.5,5.8,5.8,23.3,0.0,2.3,2004-05
492,Washington Wizards,82,45,37,0.549,48.2,100.5,36.2,82.9,43.7,6.3,18.3,34.3,21.9,30.2,72.5,13.8,29.0,42.8,19.1,14.3,8.7,4.2,5.0,22.0,0.0,-0.3,2004-05
493,Indiana Pacers,82,44,38,0.537,48.5,93.0,32.5,75.2,43.2,6.6,19.2,34.4,21.3,26.9,79.2,10.6,29.5,40.1,18.2,14.3,7.5,4.4,4.9,23.0,0.1,0.8,2004-05
494,Minnesota Timberwolves,82,44,38,0.537,48.2,96.8,37.1,80.8,45.9,4.8,14.0,34.5,17.7,22.2,79.6,11.5,31.5,43.0,23.4,13.2,5.6,5.5,3.9,21.6,0.0,1.5,2004-05
495,Philadelphia 76ers,82,43,39,0.524,48.4,99.1,35.9,82.1,43.7,6.2,17.7,34.8,21.1,26.8,78.9,11.1,30.9,42.0,20.9,15.5,9.2,3.9,4.7,22.9,0.0,-0.7,2004-05
496,Cleveland Cavaliers,82,42,40,0.512,48.4,96.5,36.5,81.5,44.7,3.7,11.0,33.2,19.9,26.5,75.2,13.6,28.7,42.3,22.6,13.9,8.0,5.6,5.1,22.6,0.0,0.8,2004-05
497,New Jersey Nets,82,42,40,0.512,48.5,91.4,33.6,78.3,42.9,5.3,14.7,36.2,19.0,24.9,76.3,10.4,29.1,39.5,21.6,14.2,7.9,3.8,4.9,24.2,0.0,-1.5,2004-05
498,Los Angeles Clippers,82,37,45,0.451,48.9,95.7,35.7,77.7,45.9,2.8,8.2,34.5,21.6,27.7,77.8,12.0,29.9,41.9,23.2,15.7,7.3,5.1,4.8,22.2,0.0,-0.8,2004-05
499,Orlando Magic,82,36,46,0.439,48.1,99.5,37.0,81.5,45.4,3.9,11.2,34.9,21.6,28.5,75.9,12.7,31.0,43.7,19.3,16.1,7.7,5.4,4.3,23.6,0.0,-2.2,2004-05
500,Golden State Warriors,82,34,48,0.415,48.5,98.7,36.9,85.8,43.0,7.6,21.6,35.2,17.2,23.8,72.2,13.0,29.7,42.7,22.1,13.6,7.8,5.1,5.1,22.4,0.0,-2.2,2004-05
501,Los Angeles Lakers,82,34,48,0.415,48.2,98.7,35.3,80.8,43.7,7.9,22.1,35.5,20.3,26.1,77.7,12.5,30.6,43.2,20.4,14.3,6.2,4.2,5.1,21.9,0.0,-3.0,2004-05
502,New York Knicks,82,33,49,0.402,48.5,97.3,36.3,80.5,45.1,5.4,15.1,35.6,19.3,25.1,76.7,11.8,29.2,41.0,20.3,14.7,7.7,3.2,4.7,23.7,0.1,-2.4,2004-05
503,Toronto Raptors,82,33,49,0.402,48.3,99.7,36.0,81.2,44.4,7.9,20.5,38.5,19.8,25.6,77.4,10.3,29.8,40.1,20.4,13.3,7.6,3.9,4.4,22.9,0.0,-1.6,2004-05
504,Milwaukee Bucks,82,30,52,0.366,48.2,97.2,36.1,80.2,45.0,4.0,11.3,35.1,21.0,27.2,77.2,12.0,29.3,41.3,21.0,13.8,6.5,3.5,4.5,21.9,0.1,-3.0,2004-05
505,Portland Trail Blazers,82,27,55,0.329,48.1,92.9,35.3,78.3,45.1,5.1,14.2,36.2,17.2,23.7,72.5,11.8,29.3,41.1,21.0,16.0,7.1,6.6,5.0,20.8,0.1,-4.0,2004-05
506,Utah Jazz,82,26,56,0.317,48.2,93.0,34.5,76.8,44.9,3.0,9.3,32.8,21.0,27.7,75.7,12.8,27.4,40.1,22.3,15.8,6.6,4.6,5.8,26.7,0.0,-4.3,2004-05
507,Charlotte Bobcats,82,18,64,0.22,48.5,94.3,36.1,83.6,43.2,3.9,10.7,36.3,18.1,25.6,70.9,13.2,28.5,41.7,21.9,14.5,8.5,5.4,5.4,23.1,0.0,-6.0,2004-05
508,New Orleans Hornets,82,18,64,0.22,48.6,88.4,33.1,80.0,41.5,5.1,16.0,31.5,17.1,22.3,76.6,12.4,27.8,40.2,21.0,14.8,6.7,3.8,5.5,23.0,0.0,-7.1,2004-05
509,Atlanta Hawks,82,13,69,0.159,48.4,92.7,35.9,81.4,44.1,3.7,11.9,31.2,17.3,24.3,71.1,13.4,28.5,41.9,19.7,16.1,7.7,4.2,5.9,24.5,0.0,-9.7,2004-05
510,Indiana Pacers,82,61,21,0.744,48.3,91.4,33.6,77.1,43.5,5.5,15.6,35.1,18.8,24.6,76.4,11.8,29.9,41.7,21.6,14.4,8.9,5.0,6.2,20.8,0.1,5.8,2003-04
511,Minnesota Timberwolves,82,58,24,0.707,48.2,94.5,37.0,80.1,46.2,4.0,10.9,36.3,16.6,21.3,78.1,10.7,32.3,42.9,23.0,12.7,6.8,5.6,3.6,21.1,0.1,5.5,2003-04
512,San Antonio Spurs,82,57,25,0.695,48.2,91.5,34.7,78.5,44.2,5.0,13.9,35.8,17.2,25.2,68.1,12.5,32.5,45.1,20.4,14.7,8.1,6.5,4.6,20.3,0.0,7.2,2003-04
513,Los Angeles Lakers,82,56,26,0.683,48.4,98.2,36.9,81.4,45.4,4.5,13.6,32.7,19.9,28.7,69.3,12.2,30.9,43.1,23.8,13.8,8.3,4.6,3.8,21.1,0.1,3.9,2003-04
514,Sacramento Kings,82,55,27,0.671,48.2,102.8,37.8,81.8,46.2,7.3,18.3,40.1,19.8,24.9,79.5,10.8,30.4,41.2,26.2,13.9,8.7,4.0,5.0,19.3,0.0,5.0,2003-04
515,Detroit Pistons,82,54,28,0.659,48.2,90.1,33.5,77.0,43.5,4.1,11.8,34.4,19.0,25.3,75.3,12.4,30.4,42.8,20.8,15.1,8.0,7.0,5.0,20.3,0.0,5.8,2003-04
516,Dallas Mavericks,82,52,30,0.634,48.3,105.2,40.5,88.2,45.9,6.2,17.8,34.8,18.0,22.6,79.6,14.3,31.0,45.3,23.9,12.2,8.0,5.3,4.7,19.6,0.0,4.4,2003-04
517,Memphis Grizzlies,82,50,32,0.61,48.5,96.7,36.1,81.2,44.5,5.5,16.0,34.0,19.0,26.1,72.7,12.8,29.0,41.8,23.4,15.0,9.7,6.9,5.6,23.2,0.0,2.4,2003-04
518,New Jersey Nets,82,47,35,0.573,48.1,90.3,34.3,77.7,44.1,4.6,13.7,33.6,17.0,22.6,75.3,10.5,30.2,40.7,24.5,14.7,8.6,3.9,4.6,21.0,0.1,2.5,2003-04
519,Houston Rockets,82,45,37,0.549,48.6,89.8,33.4,75.5,44.2,6.3,17.1,36.6,16.7,21.6,77.3,10.3,32.3,42.6,19.3,16.7,6.8,5.4,4.4,21.5,0.0,1.7,2003-04
520,Denver Nuggets,82,43,39,0.524,48.1,97.2,36.5,82.5,44.3,4.0,12.0,33.6,20.2,26.3,76.7,13.2,29.1,42.3,21.9,15.6,9.1,6.3,5.8,22.0,0.1,1.1,2003-04
521,Miami Heat,82,42,40,0.512,48.2,90.3,33.3,78.3,42.5,5.9,16.5,35.7,17.8,23.4,76.2,11.5,30.0,41.5,19.1,13.9,7.2,3.8,5.4,22.1,0.0,0.5,2003-04
522,Utah Jazz,82,42,40,0.512,48.2,88.7,32.8,75.3,43.6,3.1,9.6,32.1,20.0,26.8,74.6,13.5,27.7,41.2,20.4,16.6,7.1,6.0,6.5,25.6,0.1,-1.2,2003-04
523,Milwaukee Bucks,82,41,41,0.5,48.2,98.0,36.2,81.1,44.7,4.9,14.0,35.0,20.7,26.7,77.5,11.7,30.5,42.2,22.8,13.5,6.8,4.7,5.0,20.3,0.0,1.1,2003-04
524,New Orleans Hornets,82,41,41,0.5,48.4,91.8,33.8,80.5,42.0,6.5,20.3,31.9,17.7,23.6,75.1,13.3,29.5,42.8,20.9,15.0,8.6,4.2,5.2,20.9,0.1,-0.1,2003-04
525,Portland Trail Blazers,82,41,41,0.5,48.7,90.7,35.3,78.9,44.8,4.6,13.4,34.6,15.4,21.1,73.1,12.7,29.0,41.7,21.6,14.8,7.5,5.4,4.8,19.0,0.0,-1.3,2003-04
526,New York Knicks,82,39,43,0.476,48.5,92.0,35.1,79.4,44.2,5.0,13.6,36.4,16.8,21.1,79.3,11.6,31.0,42.6,20.7,15.7,7.4,4.8,4.7,23.1,0.0,-1.5,2003-04
527,Golden State Warriors,82,37,45,0.451,48.4,93.3,35.1,79.4,44.2,5.2,15.6,33.4,17.9,24.7,72.5,12.2,30.9,43.1,20.5,14.8,7.0,4.7,5.1,20.6,0.0,-0.7,2003-04
528,Seattle SuperSonics,82,37,45,0.451,48.3,97.1,35.8,80.4,44.6,8.8,23.6,37.3,16.6,21.7,76.5,11.1,28.3,39.3,21.7,14.5,8.1,4.7,4.7,21.8,0.1,-0.6,2003-04
529,Boston Celtics,82,36,46,0.439,48.1,95.3,34.7,78.2,44.3,6.7,19.5,34.6,19.2,25.5,75.0,10.4,29.8,40.1,20.5,16.2,9.4,4.0,5.0,22.4,0.0,-1.5,2003-04
530,Cleveland Cavaliers,82,35,47,0.427,48.4,92.9,35.6,82.4,43.3,3.0,9.6,31.4,18.6,24.8,75.3,13.6,31.9,45.6,22.0,14.8,7.1,6.5,5.3,21.3,0.0,-2.6,2003-04
531,Philadelphia 76ers,82,33,49,0.402,48.4,88.0,32.7,76.3,42.8,4.1,12.1,34.2,18.4,24.5,75.3,11.5,29.4,40.8,20.0,15.9,8.0,4.4,5.6,20.7,0.0,-2.5,2003-04
532,Toronto Raptors,82,33,49,0.402,48.7,85.4,32.4,77.4,41.8,5.6,15.8,35.6,15.1,20.1,75.0,10.1,29.5,39.6,19.2,14.2,7.4,4.9,4.1,21.3,0.0,-3.0,2003-04
533,Phoenix Suns,82,29,53,0.354,48.1,94.2,36.1,81.4,44.3,5.1,14.7,34.5,17.0,22.7,74.6,11.3,29.3,40.6,19.3,15.2,9.0,4.7,5.3,22.7,0.0,-3.7,2003-04
534,Atlanta Hawks,82,28,54,0.341,48.5,92.8,34.5,79.6,43.3,5.1,15.2,33.5,18.7,24.1,77.6,12.1,30.6,42.7,20.1,16.5,7.6,5.0,5.1,22.3,0.0,-4.6,2003-04
535,Los Angeles Clippers,82,28,54,0.341,48.3,94.8,34.4,80.2,42.8,4.0,12.5,32.1,22.0,28.1,78.5,14.0,29.5,43.5,20.2,16.4,7.2,4.6,5.3,22.1,0.0,-4.6,2003-04
536,Washington Wizards,82,25,57,0.305,48.4,91.8,33.6,80.0,42.1,5.3,15.5,34.2,19.3,27.0,71.4,13.6,29.2,42.8,18.7,17.5,8.9,5.0,5.5,20.9,0.0,-5.6,2003-04
537,Chicago Bulls,82,23,59,0.28,48.4,89.7,34.1,82.4,41.4,5.2,15.3,34.2,16.2,22.4,72.5,12.8,30.7,43.5,21.9,16.1,8.0,4.8,5.4,23.3,0.0,-6.4,2003-04
538,Orlando Magic,82,21,61,0.256,48.4,94.0,35.4,82.5,42.9,5.2,15.2,34.4,18.0,24.4,73.7,12.2,28.7,40.9,19.3,13.7,6.7,3.8,5.5,21.3,0.0,-7.0,2003-04
539,Dallas Mavericks,82,60,22,0.732,48.2,103.0,38.5,85.1,45.3,7.8,20.3,38.1,18.1,21.9,82.9,11.1,31.0,42.1,22.4,11.6,8.1,5.5,3.9,21.1,0.1,7.8,2002-03
540,San Antonio Spurs,82,60,22,0.732,48.4,95.8,35.5,76.8,46.2,5.5,15.5,35.4,19.4,26.8,72.5,11.5,31.2,42.6,20.0,15.8,7.7,6.5,5.1,20.4,0.0,5.4,2002-03
541,Sacramento Kings,82,59,23,0.72,48.4,101.7,39.5,85.2,46.4,6.0,15.7,38.1,16.7,22.3,74.6,11.0,33.5,44.5,24.8,14.5,9.0,5.6,4.3,20.3,0.0,6.5,2002-03
542,Minnesota Timberwolves,82,51,31,0.622,48.3,98.1,38.7,83.0,46.6,3.6,9.8,36.8,17.1,22.3,77.0,11.7,31.9,43.6,25.2,13.7,6.7,5.3,4.9,20.8,0.0,2.1,2002-03
543,Detroit Pistons,82,50,32,0.61,48.5,91.4,32.9,76.5,43.0,6.5,18.1,35.8,19.0,24.6,77.1,10.8,29.8,40.6,19.8,13.5,6.8,5.7,4.3,21.3,0.2,3.7,2002-03
544,Los Angeles Lakers,82,50,32,0.61,48.6,100.4,37.7,83.6,45.1,5.9,16.7,35.6,19.0,26.0,73.4,13.1,31.1,44.3,23.3,14.5,7.8,5.7,3.8,22.9,0.1,2.3,2002-03
545,Portland Trail Blazers,82,50,32,0.61,48.4,95.2,36.4,79.2,46.0,4.6,14.0,33.0,17.7,23.7,74.5,12.1,29.0,41.1,22.7,15.2,8.8,3.9,4.8,19.9,0.1,2.6,2002-03
546,New Jersey Nets,82,49,33,0.598,48.2,95.4,35.4,80.3,44.1,4.2,12.7,33.2,20.3,26.8,75.7,12.1,30.8,42.9,23.0,14.8,8.7,4.6,5.2,21.6,0.1,5.2,2002-03
547,Indiana Pacers,82,48,34,0.585,48.5,96.8,35.5,80.6,44.1,4.6,13.6,33.9,21.2,27.7,76.6,12.2,32.0,44.2,23.3,14.8,8.5,5.4,6.3,22.1,0.1,3.5,2002-03
548,Philadelphia 76ers,82,48,34,0.585,48.4,96.8,36.3,81.0,44.8,3.0,9.6,31.1,21.3,27.5,77.5,12.7,29.5,42.2,21.6,14.8,10.3,3.5,6.4,22.0,0.1,2.3,2002-03
549,New Orleans Hornets,82,47,35,0.573,48.5,93.9,35.5,81.6,43.5,4.9,13.1,37.6,17.9,23.3,76.8,13.4,30.2,43.6,22.0,14.8,8.0,4.8,5.2,21.6,0.1,2.1,2002-03
550,Utah Jazz,82,47,35,0.573,48.2,94.7,35.3,75.5,46.8,2.7,7.8,34.9,21.3,28.6,74.5,12.5,29.0,41.5,25.6,16.8,8.6,5.7,5.2,22.4,0.1,2.4,2002-03
551,Boston Celtics,82,44,38,0.537,48.4,92.7,32.9,79.4,41.5,8.8,26.3,33.4,18.0,24.3,74.2,10.4,30.1,40.5,19.2,14.0,8.8,3.7,4.5,21.4,0.0,-0.4,2002-03
552,Phoenix Suns,82,44,38,0.537,48.3,95.5,36.6,82.6,44.3,4.8,14.0,34.3,17.4,23.5,74.2,12.8,29.8,42.5,21.0,14.7,8.1,4.9,5.5,22.0,0.1,1.1,2002-03
553,Houston Rockets,82,43,39,0.524,48.6,93.8,34.6,78.8,44.0,5.4,15.5,34.6,19.1,24.9,76.8,12.5,31.3,43.8,18.4,15.6,7.2,6.0,4.6,19.5,0.1,1.5,2002-03
554,Milwaukee Bucks,82,42,40,0.512,48.5,99.5,37.1,81.3,45.7,7.1,18.6,38.3,18.1,23.3,77.6,10.7,28.9,39.5,22.2,12.7,7.6,4.2,4.1,22.2,0.1,0.2,2002-03
555,Orlando Magic,82,42,40,0.512,48.3,98.5,35.9,82.5,43.6,6.9,19.4,35.7,19.7,25.4,77.7,11.7,29.2,40.9,20.4,14.4,8.5,3.7,5.0,23.0,0.1,0.1,2002-03
556,Seattle SuperSonics,82,40,42,0.488,48.4,92.1,35.2,80.5,43.7,5.6,15.7,35.3,16.2,21.7,74.4,11.7,29.1,40.8,21.6,13.2,8.3,3.6,5.0,20.9,0.1,-0.1,2002-03
557,Golden State Warriors,82,38,44,0.463,48.2,102.4,37.3,84.6,44.1,5.2,15.1,34.4,22.6,29.0,77.8,15.7,31.0,46.7,20.9,15.8,7.2,6.2,6.0,21.8,0.0,-1.1,2002-03
558,New York Knicks,82,37,45,0.451,48.4,95.9,36.2,82.0,44.1,7.4,19.3,38.3,16.1,19.8,81.5,10.3,29.0,39.2,22.0,14.0,7.1,3.1,3.8,23.0,0.1,-1.4,2002-03
559,Washington Wizards,82,37,45,0.451,48.4,91.5,34.3,78.0,44.0,3.1,9.9,31.2,19.7,25.3,77.9,11.2,29.2,40.4,19.7,13.4,7.6,4.8,4.4,20.0,0.0,-1.0,2002-03
560,Atlanta Hawks,82,35,47,0.427,48.5,94.1,34.9,78.5,44.4,4.9,13.9,35.2,19.4,24.5,79.3,11.4,31.2,42.6,20.5,16.7,7.5,5.8,5.0,21.7,0.1,-3.6,2002-03
561,Chicago Bulls,82,30,52,0.366,48.6,95.0,36.5,81.9,44.5,4.3,12.2,35.0,17.7,24.6,72.2,12.0,31.0,43.0,21.7,16.9,7.4,5.6,5.0,24.7,0.1,-5.1,2002-03
562,Memphis Grizzlies,82,28,54,0.341,48.6,97.5,37.2,82.2,45.2,5.7,15.6,36.5,17.4,23.6,73.9,11.5,30.1,41.6,23.1,15.4,7.9,6.1,5.2,20.5,0.0,-3.2,2002-03
563,Los Angeles Clippers,82,27,55,0.329,48.2,93.8,34.6,79.1,43.7,4.8,14.4,33.1,19.9,26.5,75.0,12.3,30.0,42.3,19.6,15.7,7.0,5.6,5.1,21.8,0.0,-4.1,2002-03
564,Miami Heat,82,25,57,0.305,48.4,85.6,32.8,79.5,41.2,4.2,13.4,31.6,15.8,20.6,76.5,11.6,30.0,41.6,18.3,14.2,7.2,4.0,5.3,22.6,0.1,-5.0,2002-03
565,Toronto Raptors,82,24,58,0.293,48.3,90.9,34.7,81.3,42.7,5.0,14.5,34.3,16.5,22.9,71.8,12.5,28.7,41.2,19.3,14.4,7.4,4.8,5.0,21.5,0.1,-5.9,2002-03
566,Cleveland Cavaliers,82,17,65,0.207,48.4,91.4,34.8,82.3,42.2,3.6,10.9,32.7,18.3,24.5,74.7,13.6,31.0,44.6,20.9,18.3,7.8,6.4,6.0,22.7,0.1,-9.6,2002-03
567,Denver Nuggets,82,17,65,0.207,48.1,84.2,32.8,79.8,41.1,2.8,10.0,27.8,15.8,22.6,69.9,13.6,28.8,42.4,21.2,18.5,8.7,5.1,6.6,25.1,0.1,-8.3,2002-03
568,Sacramento Kings,82,61,21,0.744,48.2,104.6,39.8,85.4,46.7,5.2,14.1,36.7,19.7,26.3,75.1,12.4,33.0,45.3,23.9,13.8,9.0,4.6,4.7,19.0,0.1,7.6,2001-02
569,Los Angeles Lakers,82,58,24,0.707,48.2,101.3,38.4,83.4,46.1,6.2,17.5,35.4,18.2,26.1,69.9,12.5,31.8,44.3,23.0,12.7,7.6,5.8,4.3,22.2,0.1,7.1,2001-02
570,San Antonio Spurs,82,58,24,0.707,48.4,96.7,35.5,77.6,45.8,5.3,14.8,36.2,20.3,27.4,74.2,11.1,31.3,42.4,20.0,14.4,7.6,6.5,5.2,19.2,0.1,6.2,2001-02
571,Dallas Mavericks,82,57,25,0.695,48.5,105.2,39.0,84.5,46.2,7.6,20.1,37.8,19.6,24.3,80.6,11.2,31.3,42.5,22.1,12.1,7.1,4.8,4.6,22.5,0.1,4.3,2001-02
572,New Jersey Nets,82,52,30,0.634,48.4,96.2,37.1,83.1,44.6,4.9,14.6,33.8,17.1,23.3,73.5,12.7,30.7,43.3,24.3,14.5,8.7,6.0,5.4,21.1,0.1,4.2,2001-02
573,Detroit Pistons,82,50,32,0.61,48.0,94.3,34.7,76.8,45.2,6.9,18.4,37.6,18.0,23.8,75.6,9.9,28.9,38.7,21.5,14.5,7.9,6.9,4.1,20.7,0.1,2.1,2001-02
574,Minnesota Timberwolves,82,50,32,0.61,48.3,99.3,38.7,84.0,46.1,4.8,12.8,37.8,17.1,21.4,79.8,12.9,31.2,44.2,24.3,13.4,6.4,5.2,5.0,21.2,0.1,3.4,2001-02
575,Boston Celtics,82,49,33,0.598,48.4,96.4,34.8,82.1,42.4,8.5,23.7,35.9,18.3,23.9,76.4,10.9,31.3,42.2,21.0,13.6,9.7,3.6,5.8,21.7,0.0,2.2,2001-02
576,Portland Trail Blazers,82,49,33,0.598,48.4,96.6,36.6,81.4,45.0,5.7,16.1,35.4,17.7,23.2,76.3,13.2,29.8,43.0,23.5,14.3,8.6,4.5,5.0,19.7,0.1,3.0,2001-02
577,Seattle SuperSonics,82,45,37,0.549,48.4,97.7,38.2,81.5,46.9,6.0,15.8,37.8,15.4,20.4,75.5,11.8,28.5,40.3,23.5,13.7,8.5,4.4,4.9,21.1,0.1,3.0,2001-02
578,Charlotte Hornets,82,44,38,0.537,48.2,93.9,35.3,80.2,44.0,4.2,12.1,34.8,19.1,25.7,74.5,12.9,30.5,43.5,21.5,14.0,8.0,5.6,5.1,21.3,0.2,1.0,2001-02
579,Orlando Magic,82,44,38,0.537,48.4,100.5,37.6,84.0,44.8,7.6,20.2,37.3,17.6,23.4,75.4,11.5,29.7,41.2,22.0,13.6,8.1,4.7,4.7,20.7,0.1,1.6,2001-02
580,Utah Jazz,82,44,38,0.537,48.4,96.0,35.0,77.7,45.0,3.4,10.3,33.3,22.6,29.6,76.3,13.5,28.6,42.2,24.4,16.5,9.1,6.4,6.7,24.0,0.1,0.9,2001-02
581,Philadelphia 76ers,82,43,39,0.524,48.1,91.0,34.2,78.5,43.6,2.6,8.7,29.9,20.0,25.7,77.9,13.3,30.9,44.2,20.0,15.3,8.6,4.4,5.6,20.1,0.2,1.6,2001-02
582,Indiana Pacers,82,42,40,0.512,48.5,96.8,35.8,80.2,44.6,4.9,14.6,33.9,20.3,26.3,77.2,11.3,31.3,42.7,23.0,15.2,8.0,5.3,5.7,22.9,0.2,0.3,2001-02
583,Toronto Raptors,82,42,40,0.512,48.2,91.4,35.6,82.0,43.4,4.7,13.5,34.9,15.5,20.9,73.9,13.6,28.5,42.1,21.7,14.3,8.4,5.6,4.8,21.6,0.1,-0.4,2001-02
584,Milwaukee Bucks,82,41,41,0.5,48.5,97.5,37.1,80.2,46.2,7.2,19.3,37.5,16.1,21.5,74.8,10.3,31.2,41.4,22.5,14.1,7.3,4.7,4.4,21.8,0.1,-0.2,2001-02
585,Los Angeles Clippers,82,39,43,0.476,48.3,95.7,36.2,81.3,44.5,5.0,14.0,35.6,18.3,24.7,73.9,13.2,30.2,43.4,20.9,14.8,6.2,6.6,5.4,19.8,0.1,-0.5,2001-02
586,Washington Wizards,82,37,45,0.451,48.1,92.8,35.8,81.3,44.1,3.7,9.6,38.8,17.4,22.8,76.5,12.9,29.2,42.0,20.9,13.0,7.0,4.3,5.0,21.5,0.1,-1.4,2001-02
587,Miami Heat,82,36,46,0.439,48.6,87.2,34.2,77.8,43.9,3.8,11.0,34.7,15.1,20.8,72.4,11.0,31.0,42.0,20.3,14.8,6.7,5.5,4.3,22.5,0.2,-1.5,2001-02
588,Phoenix Suns,82,36,46,0.439,48.4,95.1,37.8,84.6,44.7,4.4,13.4,32.7,15.2,19.9,76.7,13.1,29.6,42.7,22.4,14.7,8.1,4.9,5.8,21.8,0.1,-0.7,2001-02
589,Atlanta Hawks,82,33,49,0.402,48.2,94.0,35.4,80.6,43.9,5.2,14.6,35.4,18.1,23.7,76.5,11.6,29.8,41.5,20.2,15.5,8.1,4.3,6.2,20.8,0.1,-4.2,2001-02
590,New York Knicks,82,30,52,0.366,48.3,91.6,34.4,79.5,43.2,5.8,16.4,35.3,17.1,21.8,78.7,10.7,30.0,40.7,21.0,14.5,6.8,3.5,4.7,22.0,0.2,-4.0,2001-02
591,Cleveland Cavaliers,82,29,53,0.354,48.4,95.3,36.0,80.3,44.8,4.7,12.5,37.7,18.6,24.1,77.2,11.8,30.3,42.1,23.1,14.6,7.0,5.7,5.6,21.4,0.1,-3.3,2001-02
592,Houston Rockets,82,28,54,0.341,48.7,92.3,34.6,80.8,42.8,6.0,18.0,33.5,17.1,23.1,74.1,12.5,29.4,41.9,18.1,14.1,6.5,5.4,5.1,18.0,0.1,-4.9,2001-02
593,Denver Nuggets,82,27,55,0.329,48.3,92.2,35.5,83.8,42.4,5.2,15.7,32.9,15.9,21.4,74.4,13.6,28.2,41.8,22.2,14.7,7.5,5.6,6.8,22.8,0.1,-5.8,2001-02
594,Memphis Grizzlies,82,23,59,0.28,48.2,89.9,34.8,79.7,43.6,4.1,13.4,30.7,16.3,23.0,70.8,12.0,29.4,41.4,21.8,16.4,7.9,6.0,5.6,19.2,0.1,-7.4,2001-02
595,Chicago Bulls,82,21,61,0.256,48.3,89.5,34.3,79.2,43.3,3.7,10.6,34.6,17.2,23.9,72.2,11.3,28.8,40.0,22.2,15.3,7.7,4.4,4.9,22.4,0.2,-8.5,2001-02
596,Golden State Warriors,82,21,61,0.256,48.2,97.7,36.6,85.2,42.9,3.9,12.1,32.2,20.6,28.6,72.2,16.3,30.4,46.7,20.8,16.8,7.9,6.4,6.3,23.0,0.2,-5.4,2001-02
597,San Antonio Spurs,82,58,24,0.707,48.4,96.2,35.2,76.4,46.1,5.4,13.3,40.7,20.4,28.5,71.5,11.0,33.1,44.1,21.7,14.0,6.9,7.0,5.2,18.9,0.0,7.8,2000-01
598,Los Angeles Lakers,82,56,26,0.683,48.5,100.6,37.9,81.5,46.5,5.4,15.5,34.4,19.4,28.5,68.3,13.2,31.5,44.7,23.0,14.4,6.9,6.0,4.0,22.8,0.1,3.4,2000-01
599,Philadelphia 76ers,82,56,26,0.683,48.4,94.7,35.4,79.1,44.7,3.2,9.8,32.6,20.7,27.8,74.5,13.1,31.7,44.8,20.6,15.8,8.4,5.0,5.6,20.4,0.0,4.3,2000-01
600,Sacramento Kings,82,55,27,0.671,49.0,101.7,38.2,85.0,44.9,5.8,16.5,35.4,19.5,25.3,77.1,12.0,33.0,45.0,22.6,14.9,9.7,5.3,5.8,19.5,0.0,5.8,2000-01
601,Dallas Mavericks,82,53,29,0.646,48.3,100.5,37.6,81.9,45.9,6.3,16.5,38.1,18.9,23.8,79.4,10.1,31.4,41.5,21.2,13.9,7.5,6.0,4.6,23.3,0.1,4.3,2000-01
602,Utah Jazz,82,53,29,0.646,48.2,97.1,36.1,76.7,47.1,4.0,10.4,38.1,20.9,27.8,75.2,11.5,29.1,40.6,25.7,15.8,8.1,5.6,5.5,25.7,0.1,4.7,2000-01
603,Milwaukee Bucks,82,52,30,0.634,48.2,100.7,38.0,82.9,45.8,6.9,18.1,37.9,18.0,22.9,78.7,11.9,30.5,42.4,22.5,13.7,8.2,4.7,4.3,23.5,0.1,3.9,2000-01
604,Phoenix Suns,82,51,31,0.622,48.3,94.0,35.9,82.4,43.6,4.0,12.9,31.5,18.2,24.1,75.5,11.8,30.8,42.7,23.2,15.3,9.5,5.2,5.1,22.7,0.1,2.2,2000-01
605,Miami Heat,82,50,32,0.61,48.5,88.9,32.9,76.3,43.0,5.8,16.9,34.5,17.4,22.9,75.9,9.9,29.7,39.6,19.9,13.7,7.7,3.7,5.2,21.0,0.1,2.3,2000-01
606,Portland Trail Blazers,82,50,32,0.61,48.2,95.4,36.6,78.3,46.8,4.5,12.9,34.9,17.6,23.2,76.2,11.7,30.3,42.0,23.9,15.3,8.2,5.1,4.0,21.3,0.1,4.2,2000-01
607,New York Knicks,82,48,34,0.585,48.5,88.7,33.6,75.6,44.4,4.8,13.6,35.1,16.8,21.1,79.6,9.4,30.8,40.2,18.5,14.5,6.6,4.2,4.1,22.7,0.1,2.6,2000-01
608,Minnesota Timberwolves,82,47,35,0.573,48.4,97.3,38.4,83.8,45.8,3.9,11.0,35.7,16.6,21.2,78.5,12.2,30.1,42.3,25.4,13.9,8.3,5.6,4.4,23.2,0.1,1.4,2000-01
609,Toronto Raptors,82,47,35,0.573,48.7,97.6,37.2,85.0,43.7,5.2,14.2,36.9,18.1,24.2,74.7,13.6,30.8,44.5,24.4,13.2,7.3,6.3,5.4,21.3,0.1,2.3,2000-01
610,Charlotte Hornets,82,46,36,0.561,48.5,91.9,34.1,79.3,43.1,4.1,12.0,34.6,19.5,26.2,74.5,12.6,31.8,44.4,23.2,14.4,8.1,5.5,4.6,21.4,0.1,2.1,2000-01
611,Houston Rockets,82,45,37,0.549,48.4,97.2,35.9,79.2,45.3,6.1,17.2,35.7,19.3,25.4,75.8,11.2,30.8,42.0,19.7,14.7,7.2,4.4,4.9,20.2,0.0,2.3,2000-01
612,Seattle SuperSonics,82,44,38,0.537,48.3,97.3,36.9,81.1,45.6,5.7,14.3,39.9,17.7,24.2,73.2,12.2,29.5,41.7,21.9,15.3,8.0,5.0,6.2,21.1,0.1,0.0,2000-01
613,Orlando Magic,82,43,39,0.524,48.7,97.5,36.7,83.8,43.8,6.0,16.4,36.4,18.0,25.2,71.4,13.0,29.9,42.9,22.0,15.2,8.2,5.9,5.4,25.3,0.1,1.0,2000-01
614,Indiana Pacers,82,41,41,0.5,48.7,92.6,34.5,78.4,44.0,4.8,14.1,34.2,18.8,24.5,76.6,11.2,31.6,42.9,21.5,15.2,6.9,5.9,4.7,23.5,0.1,-0.2,2000-01
615,Denver Nuggets,82,40,42,0.488,48.2,96.6,36.3,83.9,43.3,6.2,17.6,35.5,17.7,24.0,73.7,12.7,31.5,44.2,24.0,13.9,6.7,6.6,6.1,22.2,0.0,-2.5,2000-01
616,Boston Celtics,82,36,46,0.439,48.4,94.6,33.8,79.1,42.8,7.2,19.9,36.3,19.8,26.7,74.0,10.9,28.9,39.8,20.8,15.7,9.4,4.1,5.4,23.8,0.0,-2.1,2000-01
617,Detroit Pistons,82,32,50,0.39,48.4,95.6,35.6,83.9,42.4,4.7,13.6,35.0,19.6,27.2,72.1,13.5,32.0,45.5,19.9,15.9,7.5,5.5,4.8,23.8,0.1,-1.7,2000-01
618,Los Angeles Clippers,82,31,51,0.378,48.9,92.5,35.3,78.9,44.8,4.4,13.0,33.9,17.4,25.1,69.3,11.7,31.2,42.9,19.3,15.8,6.0,6.3,5.0,21.6,0.0,-2.9,2000-01
619,Cleveland Cavaliers,82,30,52,0.366,48.4,92.2,35.2,79.7,44.2,2.7,8.0,33.4,19.0,24.9,76.5,12.4,29.8,42.1,20.8,16.5,7.8,5.3,6.6,23.2,0.1,-4.2,2000-01
620,New Jersey Nets,82,26,56,0.317,48.1,92.1,33.9,79.9,42.5,4.4,13.2,33.3,19.9,26.2,75.9,11.1,28.5,39.6,19.5,14.7,7.9,5.0,6.4,24.2,0.0,-5.0,2000-01
621,Atlanta Hawks,82,25,57,0.305,48.1,91.0,35.1,81.3,43.1,4.1,11.4,35.7,16.8,22.1,75.9,12.5,30.4,42.9,19.0,16.7,7.7,4.7,6.3,22.7,0.1,-5.2,2000-01
622,Vancouver Grizzlies,82,23,59,0.28,48.2,91.7,35.0,79.7,43.9,4.0,11.5,34.3,17.8,23.1,77.0,10.9,29.6,40.5,23.2,15.7,7.1,4.4,5.8,21.1,0.1,-5.7,2000-01
623,Washington Wizards,82,19,63,0.232,48.0,93.2,34.5,78.7,43.9,3.4,10.3,32.4,20.8,27.4,75.9,12.4,28.9,41.3,20.1,17.0,7.7,4.7,6.2,23.3,0.1,-6.7,2000-01
624,Golden State Warriors,82,17,65,0.207,48.2,92.5,35.8,87.5,40.9,3.4,11.8,29.3,17.4,24.7,70.6,16.4,29.1,45.5,21.8,15.9,9.0,5.0,6.0,21.1,0.1,-9.0,2000-01
625,Chicago Bulls,82,15,67,0.183,48.4,87.6,33.2,78.2,42.4,4.0,11.6,34.6,17.2,23.3,73.9,11.3,27.6,38.9,22.1,15.8,8.2,4.6,5.2,23.2,0.0,-9.1,2000-01
