,Student ID,Well versed with the subject,Explains concepts in an understandable way,Use of presentations,Degree of difficulty of assignments,Solves doubts willingly,Structuring of the course,Provides support for students going above and beyond,Course recommendation based on relevance
0,340,5,2,7,6,9,2,1,8
1,253,6,5,8,6,2,1,2,9
2,680,7,7,6,5,4,2,3,1
3,806,9,6,7,1,5,9,4,6
4,632,8,10,8,4,6,6,9,9
5,832,7,2,7,8,3,5,1,4
6,772,9,3,5,2,10,3,8,1
7,961,9,8,7,4,4,3,3,10
8,814,6,5,8,6,4,4,7,9
9,863,5,9,4,7,9,4,4,5
10,576,10,3,8,6,6,3,6,9
11,702,8,4,7,1,2,1,8,8
12,541,5,4,4,2,2,7,8,1
13,552,5,6,7,2,7,4,4,2
14,510,6,7,8,3,4,7,7,6
15,159,7,7,6,6,3,9,3,1
16,223,9,10,4,5,7,10,10,6
17,807,8,3,4,2,2,4,6,1
18,525,9,9,4,3,5,5,9,2
19,799,5,6,5,4,2,1,1,7
20,24,9,10,6,10,2,10,1,9
21,509,8,2,7,5,2,3,4,4
22,797,9,10,4,10,9,2,10,7
23,418,8,8,6,7,9,5,2,8
24,48,5,5,4,2,1,10,10,9
25,657,9,5,7,3,2,8,10,6
26,864,9,8,5,2,3,9,2,8
27,861,5,6,4,5,4,4,6,6
28,118,9,10,7,7,4,6,9,1
29,387,7,3,8,1,6,8,6,8
30,282,5,6,7,3,8,1,1,9
31,503,8,6,6,3,3,6,4,10
32,934,5,6,4,6,10,3,4,10
33,781,8,3,4,5,1,8,10,5
34,898,10,10,4,3,5,4,2,1
35,474,8,3,7,6,4,3,7,7
36,704,9,9,8,6,8,4,8,5
37,977,9,5,4,4,6,3,1,9
38,454,9,6,6,1,10,8,10,7
39,295,5,7,6,3,1,7,2,9
40,35,10,6,4,5,6,2,3,1
41,304,9,9,4,6,5,1,7,2
42,56,6,9,6,8,9,6,2,4
43,922,8,10,7,4,5,9,3,5
44,569,10,7,6,9,2,6,2,5
45,186,6,4,4,4,6,9,10,10
46,258,7,2,7,2,7,2,6,10
47,560,8,7,8,3,8,7,4,8
48,621,10,4,5,1,5,10,1,10
49,568,10,7,4,6,10,8,10,8
50,393,6,9,8,7,5,8,1,4
51,12,8,10,7,2,8,9,6,6
52,798,7,2,8,7,10,5,3,5
53,740,8,10,7,3,2,10,10,1
54,184,10,9,8,6,4,8,8,9
55,410,7,2,5,2,6,6,3,10
56,480,10,6,7,8,5,3,1,5
57,84,7,4,6,10,7,7,8,9
58,89,9,9,4,5,1,2,3,9
59,763,6,9,6,7,6,10,2,5
60,86,7,8,6,8,3,10,2,7
61,867,6,4,6,4,2,7,5,3
62,248,6,6,4,6,6,6,2,3
63,751,7,3,8,10,2,7,2,6
64,522,6,9,8,10,9,5,3,6
65,696,5,5,4,9,3,1,8,6
66,274,8,2,4,7,10,8,5,8
67,921,9,7,5,10,10,9,6,4
68,957,6,2,7,8,5,9,5,4
69,88,9,4,4,9,9,9,7,10
70,149,5,6,5,1,8,9,7,8
71,737,7,9,4,5,5,2,2,1
72,891,7,2,4,9,6,9,7,9
73,1,9,6,8,7,6,5,3,10
74,868,7,9,7,2,6,2,9,4
75,895,5,5,7,7,2,1,8,9
76,638,9,10,8,2,1,1,4,8
77,707,5,6,6,5,1,9,6,9
78,432,9,9,6,8,2,3,2,4
79,988,7,4,6,7,6,9,7,1
80,742,7,7,8,2,1,1,8,1
81,730,6,5,4,5,6,6,7,2
82,321,5,7,6,2,3,5,3,5
83,904,8,5,8,9,7,9,8,6
84,171,6,10,4,6,1,6,2,3
85,695,10,4,4,1,5,8,7,1
86,498,8,5,4,5,10,7,1,10
87,446,7,8,5,10,10,2,5,9
88,982,9,10,7,5,6,6,1,5
89,981,7,6,7,5,4,6,8,3
90,849,6,10,6,7,7,4,10,7
91,297,7,10,6,8,10,10,2,8
92,713,8,6,7,5,2,7,10,8
93,192,8,4,8,6,3,5,1,5
94,561,9,6,4,8,6,8,3,3
95,364,6,6,7,9,6,4,7,6
96,40,6,7,5,6,10,5,6,3
97,521,5,9,4,2,1,8,3,7
98,201,8,2,8,9,8,8,9,4
99,780,6,4,4,10,6,5,6,8
100,853,7,9,4,8,9,4,10,2
101,202,5,6,6,10,3,4,2,8
102,421,6,3,8,10,6,8,7,9
103,671,9,8,6,10,10,7,7,8
104,334,5,9,4,3,8,10,4,2
105,843,6,8,5,4,5,5,10,6
106,57,10,7,6,10,4,4,2,4
107,353,6,7,5,3,6,6,7,5
108,681,7,2,7,5,2,1,3,7
109,394,6,3,6,10,7,4,3,3
110,188,7,6,8,9,9,8,9,10
111,641,5,10,6,7,4,2,5,4
112,544,10,7,8,4,6,5,7,8
113,163,9,3,4,7,3,8,6,8
114,283,9,2,6,1,2,10,5,5
115,820,6,5,4,9,2,5,10,7
116,254,6,6,6,8,9,4,4,8
117,221,9,6,8,1,8,2,5,6
118,736,8,2,8,8,2,6,5,4
119,280,9,10,4,7,7,3,5,4
120,976,5,2,5,5,7,9,4,3
121,481,9,10,8,9,1,3,1,9
122,80,7,6,4,1,5,6,1,8
123,473,10,10,7,5,2,6,10,5
124,762,10,7,5,7,8,9,3,4
125,385,5,2,6,7,3,2,10,1
126,195,9,7,5,5,10,10,5,1
127,144,8,6,5,6,3,8,2,6
128,767,10,10,8,3,9,6,4,8
129,300,6,8,4,5,5,9,5,4
130,580,5,2,5,8,6,5,4,9
131,216,5,9,8,2,4,8,9,10
132,583,9,3,4,6,5,3,8,7
133,881,7,9,5,9,4,5,4,8
134,488,8,8,6,9,7,4,6,1
135,892,5,8,8,9,6,9,10,6
136,152,7,2,5,1,5,10,5,6
137,925,7,10,6,7,9,10,1,3
138,729,9,9,8,7,5,4,5,5
139,647,5,5,8,8,9,6,9,8
140,686,8,6,5,5,2,6,5,8
141,93,9,10,6,4,9,6,7,8
142,485,8,4,7,1,4,7,1,4
143,59,5,8,5,6,10,3,4,10
144,907,10,4,7,6,1,2,5,1
145,158,10,6,5,6,2,10,3,8
146,955,10,4,4,1,10,1,10,10
147,758,8,3,7,7,9,6,7,5
148,605,6,4,4,4,7,5,5,2
149,475,10,6,4,9,3,1,6,7
150,154,9,7,4,8,2,6,3,9
151,79,6,4,6,6,6,4,9,10
152,36,10,6,5,2,1,9,9,6
153,562,6,3,6,7,8,7,4,1
154,231,10,7,8,1,3,3,3,3
155,869,8,7,6,2,9,4,1,7
156,608,7,4,6,5,4,7,8,7
157,846,10,7,7,4,7,10,7,1
158,542,10,4,7,7,2,2,5,9
159,941,9,3,7,2,9,7,3,1
160,919,10,2,8,5,6,3,8,5
161,352,6,2,6,3,5,3,8,6
162,839,9,2,5,10,4,4,9,1
163,266,8,8,5,6,6,8,2,2
164,298,8,4,8,9,7,1,7,3
165,929,10,2,6,1,1,9,9,7
166,574,6,4,8,5,9,5,7,10
167,250,5,7,7,3,1,6,3,1
168,616,9,8,6,9,6,3,5,8
169,164,8,5,7,10,8,9,10,1
170,827,6,3,4,9,7,8,7,6
171,228,7,6,6,1,6,6,6,9
172,787,10,10,5,10,1,9,3,8
173,317,8,8,4,1,10,10,9,1
174,110,9,6,4,1,4,7,9,5
175,165,6,2,6,2,2,10,2,2
176,701,5,9,7,1,9,9,1,9
177,362,7,9,6,7,4,8,1,2
178,890,8,7,5,3,9,1,4,5
179,728,10,9,4,8,5,2,3,10
180,466,9,8,5,5,6,2,10,4
181,709,9,3,6,4,4,8,10,1
182,482,10,3,4,3,10,1,8,5
183,406,9,10,6,1,6,1,9,2
184,66,8,5,8,7,6,1,9,9
185,862,6,5,6,5,7,2,10,8
186,61,9,8,6,5,3,10,6,6
187,111,7,9,7,1,10,10,3,10
188,147,6,8,4,6,9,6,8,7
189,211,7,4,4,3,7,8,7,10
190,996,6,5,6,10,8,7,8,4
191,459,8,5,8,6,6,1,8,4
192,81,5,5,6,5,7,3,9,5
193,288,5,9,6,9,4,4,2,6
194,6,7,10,8,3,3,4,1,2
195,547,6,6,8,5,1,2,2,8
196,30,6,2,7,5,1,10,9,10
197,445,9,4,4,2,4,8,1,6
198,591,6,9,8,5,10,6,2,10
199,770,10,10,5,7,10,7,7,10
200,484,9,6,8,10,3,2,8,4
201,180,8,4,4,1,6,9,6,1
202,946,5,5,5,6,1,3,10,5
203,901,9,8,6,1,2,9,8,2
204,517,10,5,7,7,5,10,6,5
205,545,9,4,8,1,8,6,2,4
206,918,8,3,8,9,9,1,6,1
207,652,8,3,4,8,3,2,2,3
208,471,10,10,4,8,2,2,4,7
209,323,6,8,7,5,4,1,9,3
210,276,8,5,7,9,1,10,1,2
211,672,7,8,5,6,5,10,5,10
212,337,10,7,6,8,9,5,1,1
213,468,7,7,8,4,2,1,5,10
214,380,8,8,4,8,2,4,9,2
215,755,9,8,7,2,9,6,3,7
216,267,8,9,4,4,8,4,8,1
217,598,9,3,4,9,3,4,5,1
218,128,6,2,6,1,9,3,9,2
219,444,8,2,6,10,7,2,4,8
220,572,6,5,4,4,8,6,8,9
221,319,8,3,6,6,7,10,8,4
222,390,8,6,7,5,1,4,3,9
223,176,10,2,6,7,4,10,1,3
224,883,7,4,4,2,8,6,7,4
225,831,5,2,8,3,5,10,7,7
226,220,10,5,8,7,9,7,2,7
227,17,7,6,5,3,9,5,5,2
228,938,10,10,6,5,2,9,9,9
229,651,8,7,6,3,9,10,6,1
230,953,5,10,8,10,6,4,6,4
231,902,5,8,6,10,4,5,5,9
232,167,7,7,5,8,6,9,9,8
233,669,9,3,4,5,2,2,1,6
234,859,8,3,5,9,10,3,1,6
235,120,8,4,7,5,4,4,10,6
236,293,10,4,7,1,6,7,7,4
237,789,10,2,8,7,9,8,1,4
238,182,5,2,7,2,3,6,1,9
239,369,10,5,4,4,3,7,4,10
240,207,6,8,6,7,9,7,2,5
241,842,10,7,5,3,3,6,4,6
242,38,5,8,7,6,10,8,9,5
243,495,5,4,7,9,6,10,5,9
244,942,10,6,8,3,7,8,4,5
245,752,10,7,4,4,4,9,10,7
246,940,7,3,6,9,10,8,3,5
247,648,5,7,7,9,6,3,10,3
248,125,6,2,4,5,9,7,7,7
249,516,10,2,8,9,2,3,3,1
250,963,9,6,4,5,3,3,6,6
251,215,5,6,6,2,1,9,5,8
252,823,7,5,8,3,4,3,1,10
253,840,5,7,5,6,9,9,10,6
254,429,8,3,5,1,8,1,8,9
255,109,6,3,5,6,1,6,6,10
256,795,6,9,8,4,2,6,10,6
257,760,9,4,4,3,8,5,10,1
258,536,10,10,4,7,8,7,6,2
259,888,6,6,5,2,3,6,6,3
260,719,10,10,8,7,6,10,6,4
261,654,6,4,4,9,5,8,8,2
262,947,7,3,8,1,5,9,7,2
263,403,5,7,6,6,5,6,4,6
264,124,9,9,7,9,1,9,4,3
265,548,9,8,6,7,1,2,7,6
266,880,7,3,6,3,5,3,3,10
267,939,10,10,7,4,1,2,3,9
268,166,6,10,4,4,4,8,4,6
269,885,5,6,7,7,2,2,5,7
270,112,7,9,6,9,1,7,1,2
271,811,8,8,8,6,1,4,9,1
272,213,10,8,4,10,1,5,6,2
273,375,10,4,4,1,3,4,7,9
274,897,6,7,4,1,9,8,8,7
275,460,7,8,5,6,7,7,6,7
276,416,6,2,5,8,9,6,3,7
277,571,8,9,7,3,1,8,9,7
278,744,8,5,7,3,10,4,6,7
279,378,9,8,7,2,4,7,2,6
280,121,5,9,5,2,4,5,6,6
281,462,10,4,8,5,4,6,4,7
282,777,8,6,4,6,4,7,10,1
283,845,5,10,6,8,4,4,4,5
284,533,6,10,5,7,2,5,10,10
285,450,5,2,6,2,4,5,1,4
286,717,6,2,4,6,6,2,6,9
287,469,10,8,6,1,3,5,8,10
288,670,7,7,8,1,6,1,2,1
289,137,8,2,5,2,4,9,7,8
290,801,10,7,4,3,6,1,10,4
291,315,5,10,5,10,8,4,8,4
292,153,7,7,5,3,8,9,8,9
293,190,8,6,7,5,6,4,3,8
294,22,7,9,4,1,2,8,10,4
295,949,9,8,7,1,7,6,9,4
296,523,10,2,6,9,7,5,10,9
297,527,5,6,5,2,8,6,9,8
298,461,7,10,7,6,6,8,4,9
299,244,5,8,4,9,3,10,1,3
300,363,9,3,8,10,2,7,5,1
301,610,8,10,6,8,2,1,5,1
302,381,9,2,8,8,1,9,1,2
303,954,8,8,6,3,9,5,7,2
304,604,10,9,8,9,4,8,7,9
305,414,10,6,4,8,2,9,9,3
306,151,8,7,5,10,8,3,8,6
307,721,6,9,4,1,4,10,10,9
308,664,10,8,7,4,8,2,1,10
309,956,7,2,6,5,2,3,8,7
310,747,5,3,5,6,5,10,3,6
311,438,9,6,5,9,2,3,9,3
312,975,5,10,4,8,7,6,8,3
313,277,5,6,8,7,2,7,1,10
314,312,7,2,7,6,6,3,7,2
315,565,10,9,7,10,4,8,5,4
316,739,8,7,5,10,1,1,8,1
317,584,8,8,5,8,6,6,9,4
318,894,6,3,5,4,7,1,5,5
319,270,9,10,5,9,6,4,7,7
320,966,7,4,5,3,1,8,10,2
321,489,7,2,5,8,1,1,8,8
322,665,6,3,4,2,8,5,8,5
323,71,9,10,8,4,9,3,8,2
324,603,7,2,7,1,7,7,1,7
325,196,8,10,8,10,6,7,7,7
326,804,9,3,7,6,10,7,9,7
327,837,5,10,4,1,4,8,9,1
328,530,6,5,4,9,1,2,3,6
329,720,6,6,6,9,10,4,6,7
330,272,5,4,6,4,4,7,7,9
331,984,5,10,6,4,2,10,4,6
332,185,10,3,8,4,1,10,7,9
333,487,6,6,4,2,10,10,1,9
334,75,8,9,8,6,2,7,9,10
335,718,6,3,6,7,6,6,2,6
336,496,10,7,4,6,10,5,3,6
337,630,5,5,4,8,3,6,6,8
338,637,8,10,5,6,10,8,2,2
339,360,9,9,8,2,3,1,8,6
340,183,6,7,5,5,4,7,1,9
341,689,10,8,7,8,1,9,5,10
342,236,6,9,6,4,1,2,8,4
343,768,6,6,6,3,5,9,8,3
344,316,7,2,7,8,6,4,2,9
345,396,6,10,4,6,1,2,4,10
346,212,6,4,4,6,5,10,10,2
347,830,9,7,7,10,7,8,6,4
348,209,9,8,5,3,3,10,7,2
349,62,7,4,4,5,3,10,2,1
350,447,8,7,7,1,4,7,10,9
351,100,6,6,6,10,7,5,7,8
352,305,10,8,8,4,6,3,10,4
353,494,10,6,6,6,4,10,2,9
354,328,10,6,5,4,6,10,8,2
355,854,8,2,8,4,6,2,4,7
356,866,5,10,4,8,3,7,4,5
357,943,8,9,7,10,6,7,7,6
358,734,9,8,5,3,10,1,8,3
359,189,9,3,6,2,3,8,10,7
360,404,10,5,7,8,1,5,10,4
361,518,7,4,8,5,7,9,2,6
362,856,6,9,4,6,8,8,3,8
363,70,9,2,5,8,10,9,7,6
364,457,7,4,8,2,3,6,8,4
365,148,5,4,4,4,8,10,5,5
366,958,10,10,5,8,5,10,7,8
367,356,7,3,7,6,4,2,1,10
368,793,10,9,6,4,7,6,8,3
369,771,8,7,6,4,8,7,3,2
370,452,5,6,7,9,7,8,6,1
371,72,8,7,7,3,4,1,4,7
372,710,7,2,6,5,7,7,6,10
373,980,6,3,7,1,5,4,9,4
374,145,6,8,4,6,1,3,2,7
375,960,6,9,6,1,3,3,5,8
376,660,5,7,7,3,10,3,3,4
377,987,9,10,7,8,7,3,8,7
378,534,9,5,7,5,2,6,10,8
379,858,9,5,5,3,2,2,7,7
380,324,10,5,5,2,2,5,7,6
381,884,7,4,7,10,5,1,7,4
382,611,8,9,5,3,9,5,8,3
383,136,8,6,7,10,9,9,2,3
384,705,9,3,6,3,3,5,1,2
385,991,7,4,5,8,9,8,5,1
386,676,9,8,5,7,4,10,2,6
387,769,9,8,8,8,1,1,8,5
388,246,7,10,8,8,4,10,3,8
389,644,9,6,8,2,7,6,4,6
390,263,7,9,4,7,9,8,10,7
391,476,9,4,6,4,8,6,4,10
392,697,7,7,6,1,8,10,5,2
393,95,7,2,5,5,9,6,8,3
394,688,8,6,7,5,6,1,4,10
395,633,8,2,4,7,4,6,7,4
396,241,8,3,8,8,10,1,8,6
397,524,9,8,4,6,10,1,9,10
398,504,9,4,5,6,6,1,7,10
399,417,9,6,7,9,5,1,7,2
400,554,6,6,8,2,4,6,4,10
401,656,6,2,7,2,5,6,9,9
402,19,10,4,6,3,9,10,9,3
403,275,8,5,4,9,5,5,8,10
404,478,5,10,7,6,8,7,3,9
405,132,6,9,5,8,10,3,2,10
406,515,8,3,5,10,3,4,9,4
407,44,8,9,5,3,6,9,4,9
408,388,6,10,4,5,6,4,4,9
409,204,8,7,6,3,3,10,3,6
410,338,5,2,4,6,9,10,9,4
411,619,8,7,6,4,3,9,3,8
412,205,8,4,4,2,1,7,9,7
413,39,7,3,7,10,6,4,8,2
414,53,5,8,5,1,10,8,5,7
415,58,9,3,7,1,2,3,10,7
416,157,9,6,8,2,8,4,4,3
417,28,8,6,6,9,9,9,4,7
418,833,8,6,7,7,7,9,10,9
419,252,8,9,4,6,10,2,7,5
420,658,8,5,6,7,10,4,6,4
421,179,6,3,7,6,2,6,5,2
422,851,9,6,4,10,2,1,3,10
423,809,7,8,7,5,10,2,8,8
424,330,7,7,5,7,9,10,2,2
425,94,10,10,4,7,8,2,4,4
426,826,10,5,7,2,8,7,10,5
427,227,9,3,6,4,7,4,4,7
428,1000,9,8,5,4,10,7,7,10
429,114,10,9,7,1,8,4,4,2
430,251,5,9,6,9,6,4,5,2
431,613,5,6,6,3,9,4,2,9
432,101,10,5,6,6,9,8,10,3
433,871,7,8,7,10,10,7,2,2
434,551,6,3,5,7,3,1,9,10
435,931,6,5,7,3,6,5,6,10
436,49,8,7,8,8,1,1,8,3
437,512,5,10,7,9,9,9,6,9
438,261,9,9,7,7,4,10,5,9
439,754,6,9,4,4,3,10,2,10
440,345,8,2,8,9,10,10,9,5
441,970,10,9,5,7,6,7,4,7
442,990,6,9,6,4,9,5,10,8
443,911,6,4,4,10,9,4,7,2
444,909,9,8,5,9,5,6,9,7
445,817,6,5,7,10,10,4,6,6
446,733,10,10,5,1,4,1,3,4
447,626,7,9,5,4,9,4,3,1
448,292,7,9,8,1,5,4,7,4
449,82,5,10,8,4,4,10,5,5
450,355,10,8,5,6,5,10,1,8
451,948,9,5,4,7,9,3,5,7
452,341,9,4,4,4,7,5,5,8
453,952,7,9,5,7,8,8,10,5
454,711,7,3,4,6,3,7,6,4
455,635,7,3,8,6,7,4,10,5
456,850,5,8,7,4,8,7,8,6
457,716,6,3,7,9,2,3,3,6
458,627,10,2,4,1,6,5,9,5
459,661,6,10,4,3,8,2,7,6
460,877,8,9,4,5,10,10,10,2
461,177,8,2,6,2,8,1,9,9
462,322,8,10,7,3,3,3,1,5
463,914,9,2,4,2,4,2,2,9
464,486,10,9,5,1,4,10,6,9
465,723,6,10,5,3,10,3,6,4
466,105,9,10,5,1,3,1,1,2
467,52,6,10,4,1,7,3,10,2
468,436,9,9,4,10,1,10,10,2
469,829,6,9,5,3,2,2,10,9
470,753,5,10,8,7,5,10,9,7
471,130,7,9,5,9,3,2,5,4
472,91,6,5,4,2,5,8,3,3
473,590,10,3,4,4,9,9,6,2
474,965,10,3,4,5,10,3,7,3
475,99,8,9,6,2,2,3,10,6
476,912,7,10,7,10,2,7,5,7
477,395,9,6,8,2,7,9,8,10
478,923,6,3,5,6,9,4,10,3
479,499,7,9,8,3,5,1,5,2
480,115,5,5,7,1,3,8,1,10
481,815,5,9,6,6,2,9,5,3
482,570,10,10,6,8,9,2,8,10
483,825,9,7,8,1,3,2,9,3
484,620,9,5,8,2,8,10,8,8
485,175,10,9,8,2,1,6,7,2
486,358,5,7,4,3,3,10,3,4
487,191,7,4,5,2,5,10,4,7
488,492,6,5,8,10,3,8,3,2
489,529,9,6,6,1,4,10,1,7
490,389,5,5,8,6,2,3,5,7
491,878,6,5,8,4,10,3,9,10
492,368,7,9,8,3,2,7,4,1
493,122,7,5,5,3,9,6,9,2
494,332,9,2,7,2,8,7,4,10
495,303,7,4,5,4,7,2,1,6
496,336,8,10,4,5,6,7,2,3
497,588,6,6,4,10,10,10,3,9
498,609,10,9,4,4,1,5,9,10
499,920,10,6,7,10,10,2,4,2
500,370,9,4,7,10,1,10,2,7
501,405,10,2,5,5,5,1,4,6
502,779,10,8,6,3,8,8,7,8
503,962,10,6,4,5,1,7,1,10
504,268,10,6,5,9,9,1,8,6
505,625,10,7,6,7,9,6,3,3
506,217,8,9,8,3,8,5,5,5
507,479,10,10,4,6,5,9,2,3
508,500,9,5,8,4,2,2,5,1
509,409,8,9,7,3,10,4,6,1
510,546,7,7,5,1,9,8,1,1
511,967,5,5,8,8,1,9,8,5
512,343,8,4,7,1,10,8,2,6
513,639,7,4,7,7,6,10,5,7
514,402,6,8,6,9,4,8,5,7
515,617,5,7,5,4,7,1,10,6
516,349,6,8,8,2,9,9,2,8
517,994,8,5,5,2,5,5,9,5
518,279,5,10,7,1,4,4,9,4
519,926,10,7,5,1,1,6,6,1
520,816,10,8,5,9,2,7,9,3
521,765,8,7,8,5,7,7,7,7
522,160,10,6,5,4,2,10,4,7
523,606,8,3,8,1,6,4,8,9
524,602,5,3,6,2,8,10,3,1
525,893,10,6,8,1,1,10,1,3
526,810,9,6,7,3,5,9,10,5
527,802,8,2,6,6,3,8,7,7
528,162,6,2,5,2,10,2,8,8
529,449,5,7,8,9,3,2,7,10
530,463,7,8,7,8,1,4,4,1
531,41,5,3,5,9,3,1,8,8
532,838,6,3,6,8,7,1,8,8
533,703,10,7,8,3,4,7,9,8
534,490,9,2,6,10,9,8,2,4
535,906,7,7,8,4,5,2,4,5
536,174,7,3,6,7,10,10,2,3
537,4,5,8,5,7,10,7,3,1
538,161,6,7,8,3,5,10,6,4
539,31,5,4,5,9,9,2,4,1
540,623,6,4,6,6,10,10,3,9
541,818,10,5,4,9,2,6,2,6
542,60,5,6,5,3,1,7,5,3
543,384,6,2,7,9,4,4,2,8
544,971,7,6,7,4,6,6,7,9
545,427,7,3,7,2,9,8,8,7
546,431,10,9,4,3,3,9,4,1
547,408,6,5,4,7,1,8,6,7
548,577,10,7,4,10,7,2,5,1
549,803,6,10,8,5,6,5,6,7
550,273,9,3,7,1,5,3,8,4
551,371,6,3,4,9,4,10,4,10
552,999,6,7,8,8,9,9,9,5
553,595,10,5,5,4,10,4,4,4
554,63,8,8,7,4,4,4,8,2
555,899,5,4,7,7,2,6,1,1
556,0,7,4,8,2,1,4,8,3
557,796,7,9,6,2,7,7,6,8
558,181,10,10,4,2,1,5,3,1
559,290,6,7,6,4,2,8,9,7
560,373,6,4,8,10,5,3,10,10
561,285,6,10,5,7,3,3,5,1
562,882,6,3,4,1,7,5,4,2
563,776,8,3,7,6,3,7,6,7
564,935,10,9,7,2,8,2,1,2
565,679,10,6,4,5,10,9,6,7
566,102,7,4,6,3,5,7,5,5
567,618,5,8,6,9,3,8,7,9
568,607,8,4,4,10,10,8,3,7
569,743,9,7,7,10,1,5,5,10
570,682,8,5,8,9,2,10,3,4
571,16,5,3,6,6,5,8,8,2
572,969,8,6,8,10,2,1,3,2
573,46,8,4,4,9,5,7,4,8
574,706,6,8,7,9,8,6,4,1
575,993,9,9,4,1,5,2,9,9
576,508,10,6,5,8,8,5,7,10
577,989,8,4,5,4,8,6,7,3
578,133,10,4,7,3,5,4,4,5
579,15,8,9,8,3,6,10,2,3
580,78,10,9,6,8,10,7,7,8
581,433,6,6,8,4,8,9,4,1
582,784,7,7,4,3,7,8,6,10
583,983,5,2,4,1,9,4,3,2
584,197,9,3,5,9,8,2,4,10
585,483,8,2,6,2,10,2,2,5
586,376,5,5,5,8,8,4,6,10
587,915,10,7,4,6,9,4,9,5
588,210,6,5,7,9,5,1,2,4
589,20,8,4,5,1,10,10,7,5
590,425,5,9,8,1,10,8,10,10
591,668,6,3,6,1,2,10,9,3
592,54,7,2,5,1,5,3,1,3
593,950,7,2,7,10,5,3,4,7
594,782,6,7,4,2,2,1,3,8
595,108,5,5,7,5,10,7,3,9
596,400,9,4,5,5,8,10,6,10
597,685,10,9,7,3,1,6,6,4
598,673,9,3,4,4,7,9,8,4
599,198,6,7,7,7,3,5,4,3
600,14,5,5,8,9,7,5,2,1
601,172,6,5,8,3,4,3,10,3
602,359,5,6,7,6,9,5,1,5
603,714,10,5,5,5,7,5,7,9
604,785,7,6,7,1,7,5,5,9
605,865,8,4,6,2,7,5,2,7
606,662,10,6,4,5,1,9,6,3
607,513,9,10,7,7,9,2,10,1
608,722,7,10,5,5,4,9,6,7
609,8,6,7,6,10,6,9,9,10
610,873,10,10,4,5,9,10,2,5
611,684,10,3,7,4,4,5,1,10
612,73,7,2,5,6,3,1,1,4
613,900,9,8,5,8,4,6,9,7
614,933,6,9,4,8,7,10,3,5
615,634,6,7,6,6,1,6,3,8
616,835,8,2,7,8,3,4,3,4
617,422,9,8,4,4,8,3,4,10
618,235,6,2,8,8,6,3,3,1
619,286,10,3,7,10,8,8,4,9
620,129,7,3,4,9,1,4,4,9
621,443,7,9,8,2,4,5,1,5
622,301,10,7,7,4,3,4,9,2
623,532,10,2,4,2,2,6,10,9
624,64,6,2,8,1,8,4,8,4
625,860,10,8,4,3,7,1,4,5
626,559,8,4,4,6,5,5,1,7
627,311,7,5,6,8,4,9,8,9
628,32,9,3,7,7,6,1,9,2
629,296,10,7,4,2,2,10,10,8
630,419,10,2,5,8,5,3,3,10
631,83,10,6,6,1,8,1,3,9
632,594,7,2,7,6,7,2,3,6
633,501,5,2,8,4,7,6,10,4
634,411,8,4,4,4,8,4,3,1
635,824,10,7,7,9,4,9,9,8
636,585,7,6,8,2,4,7,10,9
637,848,9,9,6,1,9,2,8,6
638,299,10,8,5,5,4,3,1,9
639,107,9,4,8,6,10,4,5,9
640,119,9,10,5,1,9,6,7,6
641,335,5,3,4,2,8,4,7,6
642,557,5,5,8,2,4,10,6,1
643,113,5,6,7,1,10,6,4,7
644,281,5,6,6,3,4,1,1,1
645,836,9,3,4,6,6,3,2,7
646,426,9,8,7,8,10,6,9,8
647,42,8,2,4,6,6,7,3,1
648,567,9,3,8,1,4,9,10,9
649,589,5,8,7,5,6,7,8,9
650,187,5,5,6,2,6,1,8,5
651,615,5,6,7,9,1,1,1,5
652,556,9,9,5,5,1,3,6,10
653,3,9,6,5,9,10,5,5,4
654,667,9,9,6,2,1,3,10,2
655,234,7,2,4,5,1,8,7,2
656,96,6,6,5,10,8,10,5,2
657,691,7,7,8,8,5,4,8,2
658,269,9,10,6,10,10,1,9,10
659,566,8,10,6,10,7,6,6,1
660,985,5,5,4,8,7,6,7,3
661,437,7,2,6,7,5,8,1,8
662,200,8,4,8,6,8,4,7,1
663,291,10,3,7,8,2,10,3,3
664,612,8,9,8,7,1,2,8,4
665,448,6,7,7,9,2,9,2,5
666,439,6,8,7,7,7,4,5,4
667,573,5,5,5,8,8,9,8,2
668,7,5,8,5,6,2,10,4,8
669,725,5,10,8,4,3,5,1,6
670,50,9,8,6,7,1,6,7,4
671,423,7,9,5,10,10,7,7,3
672,140,7,10,6,8,6,10,9,6
673,135,8,9,7,3,6,10,2,9
674,786,5,4,7,5,5,6,7,1
675,601,8,9,4,5,4,3,1,10
676,493,9,4,4,9,4,3,6,7
677,553,7,2,4,7,3,5,1,3
678,27,7,3,5,5,5,1,8,6
679,257,8,5,6,4,4,1,5,4
680,225,10,4,5,9,3,6,9,4
681,788,6,5,6,3,10,4,3,8
682,37,8,9,5,3,4,3,5,2
683,170,5,10,7,2,8,5,9,5
684,528,9,2,5,2,6,5,1,6
685,600,7,8,6,10,6,7,7,6
686,655,7,8,5,4,1,6,6,8
687,74,8,8,6,1,2,5,2,6
688,505,9,6,8,5,8,4,7,6
689,377,5,5,7,3,9,6,1,4
690,808,8,6,4,5,1,8,8,3
691,366,9,9,8,2,1,10,5,2
692,238,8,7,5,10,10,9,7,10
693,255,9,10,7,10,3,2,7,8
694,123,10,2,4,5,9,8,3,5
695,663,6,2,8,2,5,7,5,7
696,876,6,7,4,4,9,2,5,9
697,690,5,10,8,4,2,7,9,6
698,309,5,8,4,9,2,1,4,5
699,693,7,9,8,1,5,10,3,7
700,226,7,6,8,8,8,5,8,8
701,951,10,10,7,10,5,9,7,1
702,260,9,3,7,4,7,2,8,3
703,243,9,8,8,8,4,10,8,9
704,222,5,4,4,2,7,9,5,3
705,314,5,10,6,8,6,6,10,4
706,229,7,6,8,2,2,10,8,8
707,85,5,6,8,9,3,4,4,4
708,76,8,9,8,6,3,10,7,2
709,887,6,9,5,8,9,7,6,2
710,582,8,4,7,8,1,5,9,3
711,674,8,5,6,8,7,10,2,7
712,986,7,2,6,2,4,7,10,7
713,511,8,4,4,5,2,10,10,6
714,879,6,10,5,10,9,5,5,4
715,401,8,10,7,2,8,10,8,9
716,514,6,6,7,10,7,7,6,3
717,750,10,3,8,1,5,1,3,5
718,156,7,4,7,9,10,8,5,8
719,775,5,6,7,2,5,4,1,4
720,329,9,8,8,5,3,3,10,8
721,467,8,10,5,7,7,1,3,6
722,178,7,7,4,7,1,2,1,2
723,549,5,3,7,6,8,8,5,5
724,453,8,4,4,4,2,8,1,4
725,307,6,9,5,1,6,5,3,5
726,472,6,8,7,7,9,9,2,3
727,392,7,7,4,9,7,10,8,4
728,65,6,4,4,6,3,10,8,3
729,575,9,4,7,7,1,1,5,1
730,855,8,3,6,4,1,1,9,7
731,791,5,9,4,4,1,4,10,9
732,391,5,3,7,6,7,6,9,4
733,973,6,3,4,6,4,6,6,9
734,828,8,3,5,2,9,5,6,3
735,247,6,9,6,5,2,2,3,7
736,412,9,2,5,8,7,2,10,4
737,67,7,9,4,3,9,1,1,2
738,289,5,2,5,8,9,2,7,2
739,399,10,6,4,8,6,5,10,4
740,138,8,5,8,8,10,4,2,6
741,537,10,6,4,9,9,5,7,5
742,265,5,9,7,6,5,6,5,3
743,724,5,2,6,1,7,3,3,1
744,653,5,6,5,6,6,3,9,2
745,318,6,8,5,10,6,7,10,8
746,232,6,8,5,5,1,1,7,8
747,21,9,7,5,3,6,6,1,6
748,998,9,7,5,1,2,2,1,10
749,694,9,8,8,10,7,7,7,2
750,927,6,2,6,2,10,3,6,4
751,348,7,9,5,6,5,5,8,6
752,968,6,7,6,3,8,1,9,3
753,992,10,6,4,3,8,6,10,3
754,764,9,3,7,6,3,8,10,2
755,587,5,4,8,2,2,2,4,10
756,944,10,8,6,8,8,7,9,6
757,239,5,10,4,3,2,7,4,4
758,886,7,7,5,5,10,1,9,9
759,23,9,7,4,2,1,2,9,3
760,458,6,2,4,6,6,10,4,1
761,822,6,2,7,1,5,4,1,10
762,413,7,10,4,2,3,1,10,1
763,563,7,4,8,8,7,3,3,10
764,331,8,8,7,5,10,4,7,5
765,434,7,7,7,6,1,8,9,6
766,456,10,4,8,6,5,1,10,1
767,430,9,6,4,9,8,6,4,3
768,896,6,8,7,5,4,4,5,5
769,451,9,3,6,10,7,8,9,10
770,477,5,2,5,6,10,6,10,8
771,9,7,5,4,5,1,3,5,6
772,325,7,5,7,6,1,5,8,6
773,812,9,5,4,4,2,4,2,6
774,727,7,2,6,4,2,10,9,5
775,928,6,7,6,9,4,8,5,8
776,134,9,9,7,4,7,10,8,3
777,819,6,7,8,8,9,10,2,2
778,230,7,2,8,2,6,1,9,2
779,520,9,3,5,6,7,10,10,3
780,326,7,10,8,8,6,4,9,7
781,142,6,8,4,10,8,5,8,6
782,491,5,4,8,6,1,3,4,4
783,379,7,5,6,2,9,7,3,10
784,465,5,2,8,8,6,8,2,4
785,756,6,7,7,3,2,6,9,7
786,347,6,8,7,3,5,1,2,8
787,237,10,4,5,8,7,8,2,8
788,642,5,7,6,8,9,6,6,7
789,506,9,7,4,1,5,7,5,1
790,646,7,8,5,4,7,8,8,8
791,382,10,10,7,5,2,3,6,3
792,256,6,7,4,5,9,8,6,5
793,327,8,8,5,10,2,1,10,5
794,624,7,3,7,10,2,1,8,8
795,155,8,8,8,10,3,9,7,3
796,578,8,10,7,4,5,8,7,6
797,640,10,9,4,10,2,4,3,1
798,997,9,8,8,6,8,3,3,10
799,242,7,9,5,4,5,9,1,4
800,344,7,6,8,9,8,3,8,5
801,699,9,5,4,8,4,2,2,8
802,77,9,4,5,9,2,1,5,10
803,821,8,9,5,5,8,9,4,9
804,903,9,8,8,8,4,8,4,1
805,540,9,10,7,3,2,4,4,5
806,596,5,8,7,7,1,2,10,3
807,169,8,2,6,3,3,6,9,3
808,526,9,5,5,5,2,6,4,9
809,361,7,2,6,4,5,7,8,3
810,917,8,6,5,3,7,5,4,8
811,342,5,9,8,1,9,8,7,10
812,599,5,2,4,8,4,8,9,5
813,875,5,4,7,3,5,6,4,5
814,745,5,9,5,10,8,2,9,1
815,131,9,4,8,2,7,5,2,10
816,143,6,6,7,8,10,3,3,9
817,666,10,5,6,8,1,2,7,7
818,104,8,5,4,2,7,9,4,4
819,964,8,5,5,3,10,5,5,3
820,208,8,7,5,7,2,3,2,8
821,774,7,10,5,4,6,10,9,6
822,346,10,7,4,9,3,2,10,8
823,97,7,8,7,9,6,3,10,7
824,306,9,10,4,1,3,3,2,5
825,18,9,6,6,1,5,8,4,10
826,284,5,7,6,3,10,3,8,6
827,173,5,7,5,10,10,10,3,10
828,558,7,9,5,5,9,7,3,5
829,51,7,2,6,2,8,2,10,2
830,357,5,8,7,5,4,1,8,8
831,692,8,8,6,9,5,8,7,10
832,26,8,2,6,10,9,9,4,5
833,386,9,5,5,4,6,5,7,7
834,287,5,9,5,5,10,8,4,10
835,974,8,10,4,2,4,9,8,7
836,683,6,9,4,8,5,5,1,10
837,374,6,9,4,6,2,6,7,8
838,278,10,8,7,8,6,7,8,1
839,367,10,4,8,3,3,9,5,7
840,800,7,4,5,2,1,6,3,9
841,11,9,5,6,8,5,6,7,7
842,310,5,8,5,9,4,4,9,10
843,910,5,8,7,10,8,2,4,8
844,440,5,7,8,9,7,1,8,10
845,441,7,8,5,3,1,8,6,8
846,146,8,7,5,6,9,2,9,10
847,614,8,2,6,7,8,6,6,5
848,262,10,5,4,9,6,9,9,3
849,34,9,7,8,9,8,2,8,9
850,407,9,8,8,6,2,9,6,4
851,564,5,10,5,6,8,5,3,1
852,538,8,7,4,6,10,5,2,9
853,748,5,8,6,1,10,2,4,9
854,675,8,7,8,9,8,6,2,8
855,224,10,7,7,6,2,1,7,9
856,10,8,3,7,4,3,6,4,1
857,708,5,3,5,4,5,9,6,4
858,636,7,3,6,9,5,4,6,3
859,218,7,8,4,4,1,4,6,4
860,193,5,9,4,6,5,7,1,9
861,106,6,6,5,8,3,1,9,7
862,834,8,2,7,4,1,8,9,2
863,597,5,4,8,4,8,7,3,4
864,45,8,5,6,1,5,9,2,9
865,264,5,2,4,4,7,6,4,1
866,219,10,4,5,7,9,10,8,3
867,249,10,2,5,6,8,1,8,9
868,507,9,2,6,2,7,9,7,9
869,383,10,10,8,10,4,9,3,10
870,631,10,8,5,3,9,9,8,3
871,502,6,3,5,1,8,4,7,8
872,792,10,2,6,7,7,5,6,9
873,271,8,10,6,5,7,10,10,2
874,194,6,3,5,4,1,10,8,3
875,937,8,8,4,10,1,5,9,3
876,726,6,4,4,7,7,3,6,4
877,339,6,10,5,9,4,3,6,5
878,841,8,9,8,3,4,4,7,1
879,874,9,7,6,9,6,1,6,3
880,214,6,6,4,3,1,3,4,6
881,924,9,10,5,5,6,4,1,8
882,203,8,7,8,9,4,10,8,10
883,629,8,3,7,4,4,8,1,10
884,354,6,3,7,10,1,1,10,6
885,857,9,8,6,5,7,8,1,9
886,424,5,3,7,3,8,6,5,7
887,872,6,10,8,8,2,2,1,4
888,116,8,5,6,3,5,3,1,9
889,308,9,10,7,10,3,2,10,9
890,698,5,9,6,3,6,9,9,9
891,622,9,10,7,7,6,2,8,4
892,103,9,6,4,6,1,3,10,6
893,464,5,4,8,6,4,10,1,6
894,870,10,4,6,3,8,2,3,7
895,351,8,5,8,10,1,9,7,7
896,628,10,10,4,7,1,7,3,9
897,33,8,5,6,1,8,7,7,2
898,972,7,9,4,1,1,2,1,10
899,535,5,10,5,9,9,8,1,9
900,959,8,4,5,5,10,7,3,2
901,794,10,4,4,8,6,8,6,9
902,313,5,7,7,3,7,10,1,1
903,127,5,8,4,9,7,7,7,6
904,245,10,6,4,9,9,2,7,7
905,773,9,5,8,9,1,10,4,8
906,69,8,6,6,1,9,1,9,7
907,141,8,6,6,5,4,9,5,2
908,139,8,3,4,10,6,1,1,5
909,398,6,9,6,10,7,4,5,9
910,889,7,6,8,6,6,6,7,10
911,995,6,7,8,3,7,7,8,7
912,757,9,5,7,9,7,8,9,1
913,783,5,2,8,2,8,5,7,3
914,420,5,8,8,6,2,4,10,3
915,790,7,5,6,2,3,1,6,6
916,592,7,2,7,10,8,9,5,1
917,978,6,5,8,9,6,6,2,9
918,735,6,4,6,1,7,6,1,5
919,731,5,10,6,9,5,10,5,2
920,932,6,6,4,5,5,3,6,1
921,497,6,4,8,4,6,10,1,6
922,813,8,10,5,8,4,7,5,2
923,2,10,2,7,3,10,4,4,7
924,649,9,2,6,10,4,9,4,2
925,455,8,5,4,2,7,4,1,2
926,593,5,3,5,3,9,10,9,9
927,206,10,8,5,4,8,9,10,6
928,847,7,10,5,7,1,9,10,4
929,233,8,7,7,7,9,2,8,2
930,87,5,10,8,4,8,10,1,9
931,333,6,3,7,6,9,9,9,1
932,738,8,2,5,7,2,7,6,5
933,350,5,6,6,1,8,7,10,10
934,805,8,8,7,10,6,2,2,6
935,700,9,8,6,1,9,6,9,1
936,92,7,6,7,3,2,1,7,6
937,68,5,5,8,8,7,6,10,4
938,746,10,5,6,7,1,1,6,1
939,741,7,9,7,3,10,8,10,5
940,581,9,10,8,2,5,6,7,10
941,677,9,6,6,9,1,10,7,1
942,442,7,8,5,10,8,3,6,4
943,749,9,9,5,2,9,1,10,1
944,25,5,6,4,10,4,1,8,3
945,936,6,7,6,4,1,8,4,10
946,90,9,10,6,7,8,1,2,7
947,715,6,9,6,5,9,1,6,6
948,240,9,9,7,10,5,7,1,6
949,13,6,6,6,3,10,7,2,1
950,126,7,4,6,4,1,5,2,1
951,761,5,9,6,10,10,1,10,6
952,302,8,4,6,7,1,4,1,8
953,650,8,4,7,9,10,2,8,3
954,365,10,5,5,3,5,2,3,5
955,905,5,9,6,8,10,2,1,1
956,415,9,3,5,1,8,9,9,2
957,397,10,7,8,6,6,6,2,6
958,435,9,9,7,4,1,1,7,5
959,945,9,3,8,2,4,9,1,1
960,930,8,7,5,1,3,7,2,1
961,687,5,9,7,9,3,1,9,5
962,852,5,10,5,4,3,10,8,6
963,712,6,5,5,7,8,2,9,7
964,470,6,10,6,6,7,1,1,2
965,43,6,5,4,1,10,7,4,1
966,550,5,3,7,8,2,7,7,8
967,844,8,6,4,1,1,8,10,9
968,150,6,5,8,5,2,10,1,6
969,168,6,3,8,2,8,10,7,3
970,519,8,7,7,6,10,10,4,3
971,531,9,8,7,6,3,8,3,7
972,643,9,7,7,7,2,4,3,7
973,428,6,9,4,4,8,6,2,5
974,659,9,4,8,10,6,6,3,8
975,766,10,2,4,3,4,6,9,4
976,732,9,2,6,9,4,2,10,10
977,916,10,4,7,3,10,10,7,8
978,979,9,4,7,10,5,2,4,2
979,372,5,7,7,9,3,5,10,4
980,778,9,4,8,9,8,5,7,4
981,579,10,3,7,8,9,1,8,8
982,320,9,6,7,4,3,9,10,2
983,645,5,9,6,6,8,5,10,8
984,5,6,7,4,2,3,8,10,7
985,294,7,5,4,1,6,2,9,6
986,117,8,2,5,10,5,4,3,2
987,555,9,2,8,7,2,1,3,10
988,29,6,9,5,1,6,10,4,5
989,259,8,3,8,9,7,4,10,7
990,47,8,4,4,9,10,10,2,6
991,678,8,10,5,2,7,4,1,7
992,543,8,2,4,9,3,3,3,4
993,908,5,2,5,3,2,10,4,8
994,586,8,2,4,9,8,8,7,7
995,98,9,9,7,2,3,3,8,4
996,55,8,7,6,2,5,7,7,9
997,913,5,5,6,5,6,7,6,1
998,199,9,5,8,3,8,1,1,2
999,539,10,2,7,4,3,4,10,1
1000,759,7,2,4,2,1,5,9,9
